player_id,name,team,position,value,rds-played,tot-sel,avg-per-rd,rating,points-last-rd,primary-accent,Club,player_index,names_fantasy,names_stats
38401,C. Vela,Los Angeles Football Club,FWD,15.9,31,15.84%,11.71,$44K,18,363,LAFC,0.0,C. Vela-LAFC,C. Vela-LAFC
9808,Z. Ibrahimovic,LA Galaxy,FWD,14.3,29,14.40%,9.38,$53K,8,272,LA,1.0,Z. Ibrahimovic-LA,Z. Ibrahimovic-LA
111686,J. Martinez,Atlanta United FC,FWD,13.9,29,3.75%,8.07,$60K,14,234,ATL,2.0,J. Martinez-ATL,J. Martinez-ATL
173220,C. Pavon,LA Galaxy,MID,12,11,5.14%,7.73,$142K,9,85,LA,113.0,C. Pavon-LA,C. Pavon-LA
77992,N. Lodeiro,Seattle Sounders FC,MID,12.9,28,3.18%,7.71,$60K,7,216,SEA,46.0,N. Lodeiro-SEA,N. Lodeiro-SEA
88554,C. Gil,New England Revolution,MID,12.5,34,2.56%,7.59,$49K,3,258,NE,25.0,C. Gil-NE,C. Gil-NE
55831,M. Moralez,New York City FC,MID,11.3,29,4.05%,7.59,$52K,4,220,NYC,45.0,M. Moralez-NYC,M. Moralez-NYC
89238,A. Pozuelo,Toronto FC,MID,10.3,30,9.41%,7.43,$47K,9,223,TOR,11.0,A. Pozuelo-TOR,A. Pozuelo-TOR
55817,D. Valeri,Portland Timbers,MID,12.5,31,6.55%,7.29,$56K,DNP,226,POR,37.0,D. Valeri-POR,D. Valeri-POR
232274,E. Atuesta,Los Angeles Football Club,MID,11.8,30,2.77%,7.13,$56K,8,214,LAFC,112.0,E. Atuesta-LAFC,E. Atuesta-LAFC
55110,G. Bou,New England Revolution,FWD,10.7,14,1.17%,6.71,$114K,2,94,NE,35.0,G. Bou-NE,G. Bou-NE
82752,S. Taider,Montreal Impact,MID,12.1,32,0.52%,6.63,$58K,11,212,MTL,32.0,S. Taider-MTL,S. Taider-MTL
66553,M. Eriksson,San Jose Earthquakes,MID,9.8,32,2.76%,6.5,$48K,4,208,SJ,57.0,M. Eriksson-SJ,M. Eriksson-SJ
234586,A. Putna,Real Salt Lake,GK,5,5,0.76%,6.4,$157K,DNP,32,RSL,678.0,A. Putna-RSL,A. Putna-RSL
76688,J. dos Santos,LA Galaxy,MID,9.9,29,2.20%,6.38,$54K,6,185,LA,,J. dos Santos-LA,
121000,F. Brillant,D.C. United,DEF,10.4,34,2.85%,6.35,$49K,7,216,DC,169.0,F. Brillant-DC,F. Brillant-DC
83725,F. Gutierrez,Sporting Kansas City,MID,10.1,32,1.03%,6.34,$50K,6,203,SKC,,F. Gutierrez-SKC,
100819,H. Araujo dos Santos,New York City FC,FWD,9.9,22,0.90%,6.27,$72K,DNP,138,NYC,,H. Araujo dos Santos-NYC,
38530,Nani,Orlando City SC,MID,10.3,30,3.13%,6.23,$56K,1,187,ORL,,Nani-ORL,
81185,J. Gregus,Minnesota United FC,MID,10.2,30,0.92%,6.23,$55K,2,187,MIN,194.0,J. Gregus-MIN,J. Gregus-MIN
107091,K. Przybylko,Philadelphia Union,FWD,9.4,26,1.67%,6.15,$59K,DNP,160,PHI,5.0,K. Przybylko-PHI,K. Przybylko-PHI
217119,J. Monteiro,Philadelphia Union,MID,8.2,26,1.02%,6.12,$52K,4,159,PHI,95.0,J. Monteiro-PHI,J. Monteiro-PHI
223256,D. Rossi,Los Angeles Football Club,FWD,9.1,34,2.79%,6.12,$44K,4,208,LAFC,3.0,D. Rossi-LAFC,D. Rossi-LAFC
85595,R. Metanire,Minnesota United FC,DEF,8.3,27,1.71%,6.11,$51K,4,165,MIN,198.0,R. Metanire-MIN,R. Metanire-MIN
41574,J. Altidore,Toronto FC,FWD,10.2,22,1.75%,6.09,$77K,2,134,TOR,18.0,J. Altidore-TOR,J. Altidore-TOR
244997,J. Gressel,Atlanta United FC,MID,10,33,2.10%,6.09,$50K,14,201,ATL,55.0,J. Gressel-ATL,J. Gressel-ATL
84481,A. Rusnak,Real Salt Lake,MID,10,29,1.24%,6.07,$57K,4,176,RSL,27.0,A. Rusnak-RSL,A. Rusnak-RSL
42453,J. Russell,Sporting Kansas City,MID,9.4,28,1.92%,6.07,$56K,2,170,SKC,31.0,J. Russell-SKC,J. Russell-SKC
177653,M. Barrios,FC Dallas,MID,10,32,3.11%,6.06,$52K,15,194,DAL,75.0,M. Barrios-DAL,M. Barrios-DAL
55820,S. Blanco,Portland Timbers,MID,10.9,30,3.43%,6.03,$61K,10,181,POR,56.0,S. Blanco-POR,S. Blanco-POR
92202,P. Santos,Columbus Crew SC,MID,11.2,33,1.45%,6.03,$57K,3,199,CLB,20.0,P. Santos-CLB,P. Santos-CLB
234384,F. Atuahene,FC Dallas,MID,4.5,1,0.85%,6,$750K,DNP,6,DAL,272.0,F. Atuahene-DAL,F. Atuahene-DAL
37368,M. Bradley,Toronto FC,MID,9,27,0.87%,6,$56K,4,162,TOR,120.0,M. Bradley-TOR,M. Bradley-TOR
13356,R. Fanni,Montreal Impact,DEF,5.5,3,0.00%,6,$306K,9,18,MTL,483.0,R. Fanni-MTL,R. Fanni-MTL
95780,L. Gonzalez Pirez,Atlanta United FC,DEF,8,31,3.00%,5.97,$44K,4,185,ATL,,L. Gonzalez Pirez-ATL,
241500,M. Robinson,Atlanta United FC,DEF,8.5,34,3.20%,5.97,$42K,3,203,ATL,638.0,M. Robinson-ATL,M. Robinson-ATL
13017,W. Rooney,D.C. United,FWD,8.7,28,2.27%,5.96,$53K,DNP,167,DC,16.0,W. Rooney-DC,W. Rooney-DC
173145,A. Elis,Houston Dynamo,FWD,8.1,26,0.61%,5.81,$54K,17,151,HOU,30.0,A. Elis-HOU,A. Elis-HOU
28188,H. Medunjanin,Philadelphia Union,MID,9.2,34,1.07%,5.76,$47K,8,196,PHI,196.0,H. Medunjanin-PHI,H. Medunjanin-PHI
84760,M. Rzatkowksi,New York Red Bulls,MID,8.6,28,1.46%,5.75,$54K,DNP,161,NY,,M. Rzatkowksi-NY,
172762,C. Roldan,Seattle Sounders FC,MID,9.8,29,0.66%,5.72,$60K,5,166,SEA,61.0,C. Roldan-SEA,C. Roldan-SEA
170799,C. Espinoza,San Jose Earthquakes,MID,9.3,30,0.74%,5.7,$55K,7,171,SJ,143.0,C. Espinoza-SJ,C. Espinoza-SJ
82834,B. Hamid,D.C. United,GK,9.1,33,5.11%,5.7,$49K,8,188,DC,643.0,B. Hamid-DC,B. Hamid-DC
84752,D. Royer,New York Red Bulls,MID,8.9,31,0.96%,5.68,$51K,2,176,NY,17.0,D. Royer-NY,D. Royer-RBNY
130056,R. Hollingshead,FC Dallas,DEF,9.3,34,2.64%,5.65,$49K,9,192,DAL,71.0,R. Hollingshead-DAL,R. Hollingshead-DAL
227731,M. Kaye,Los Angeles Football Club,MID,8.3,31,0.91%,5.65,$48K,4,175,LAFC,96.0,M. Kaye-LAFC,M. Kaye-LAFC
114041,J. Price,Colorado Rapids,MID,9.8,27,0.59%,5.63,$65K,3,152,COL,195.0,J. Price-COL,J. Price-COL
78023,I. Opara,Minnesota United FC,DEF,8.2,30,1.47%,5.6,$49K,5,168,MIN,136.0,I. Opara-MIN,I. Opara-MIN
102208,D. Rubio,Colorado Rapids,FWD,10.4,26,0.25%,5.58,$72K,9,145,COL,21.0,D. Rubio-COL,D. Rubio-COL
129430,S. Birnbaum,D.C. United,DEF,8.3,34,4.86%,5.56,$44K,8,189,DC,269.0,S. Birnbaum-DC,S. Birnbaum-DC
20487,V. Mannone,Minnesota United FC,GK,8.8,34,1.15%,5.56,$47K,4,189,MIN,642.0,V. Mannone-MIN,V. Mannone-MIN
99122,F. Calvo,Chicago Fire,DEF,9.4,30,0.71%,5.53,$57K,3,166,CHI,106.0,F. Calvo-CHI,F. Calvo-CHI
102626,C. Diop,Montreal Impact,GK,5,2,0.36%,5.5,$455K,8,11,MTL,682.0,C. Diop-MTL,C. Diop-MTL
95778,J. Maurer,FC Dallas,GK,4.5,2,0.40%,5.5,$410K,DNP,11,DAL,681.0,J. Maurer-DAL,J. Maurer-DAL
49381,W. Moimbe,Minnesota United FC,DEF,6.4,4,0.35%,5.5,$291K,DNP,22,MIN,561.0,W. Moimbe-MIN,W. Moimbe-MIN
98899,R. Ruidiaz,Seattle Sounders FC,FWD,10.5,22,0.87%,5.5,$87K,2,121,SEA,22.0,R. Ruidiaz-SEA,R. Ruidiaz-SEA
231969,E. Barco,Atlanta United FC,MID,8.1,15,0.67%,5.47,$99K,7,82,ATL,104.0,E. Barco-ATL,E. Barco-ATL
78116,J. Moreira,Portland Timbers,DEF,8.7,26,1.66%,5.46,$62K,3,142,POR,151.0,J. Moreira-POR,J. Moreira-POR
95330,M. Boxall,Minnesota United FC,DEF,9.7,29,0.34%,5.45,$62K,7,158,MIN,186.0,M. Boxall-MIN,M. Boxall-MIN
245764,L. Blessing,Los Angeles Football Club,MID,8.6,34,1.42%,5.44,$47K,8,185,LAFC,60.0,L. Blessing-LAFC,L. Blessing-LAFC
18529,R. Ziegler,FC Dallas,DEF,9.5,32,1.85%,5.44,$55K,10,174,DAL,93.0,R. Ziegler-DAL,R. Ziegler-DAL
172981,Auro,Toronto FC,DEF,8.8,23,0.65%,5.43,$71K,8,125,TOR,,Auro-TOR,
183390,J. Glad,Real Salt Lake,DEF,9.3,23,0.34%,5.43,$75K,10,125,RSL,616.0,J. Glad-RSL,J. Glad-RSL
85682,Z. Diallo,Montreal Impact,DEF,7.7,24,0.27%,5.42,$60K,DNP,130,MTL,123.0,Z. Diallo-MTL,Z. Diallo-MTL
170847,B. Fernandez,Portland Timbers,FWD,8.6,19,3.96%,5.42,$84K,DNP,103,POR,24.0,B. Fernandez-POR,B. Fernandez-POR
196666,J. Savarino,Real Salt Lake,MID,10.3,28,0.42%,5.39,$69K,6,151,RSL,40.0,J. Savarino-RSL,J. Savarino-RSL
177658,M. Manotas,Houston Dynamo,FWD,9.2,32,1.23%,5.38,$54K,3,172,HOU,8.0,M. Manotas-HOU,M. Manotas-HOU
56491,N. Gaitan,Chicago Fire,MID,8.3,27,0.92%,5.37,$58K,1,145,CHI,94.0,N. Gaitan-CHI,N. Gaitan-CHI
15208,B. Schweinsteiger,Chicago Fire,DEF,9,30,2.38%,5.37,$56K,3,161,CHI,219.0,B. Schweinsteiger-CHI,B. Schweinsteiger-CHI
200190,G. Smith,Sporting Kansas City,DEF,6.3,11,0.62%,5.36,$107K,DNP,59,SKC,241.0,G. Smith-SKC,G. Smith-SKC
41705,B. Guzan,Atlanta United FC,GK,7.4,34,3.55%,5.35,$41K,4,182,ATL,649.0,B. Guzan-ATL,B. Guzan-ATL
51937,F. Jungwirth,San Jose Earthquakes,DEF,7.5,30,1.70%,5.33,$47K,1,160,SJ,337.0,F. Jungwirth-SJ,F. Jungwirth-SJ
446568,O. Mbaizo,Philadelphia Union,DEF,4.5,3,0.33%,5.33,$282K,DNP,16,PHI,355.0,O. Mbaizo-PHI,O. Mbaizo-PHI
88909,A. Ring,New York City FC,MID,7.4,31,1.28%,5.32,$45K,3,165,NYC,99.0,A. Ring-NYC,A. Ring-NYC
83055,A. Katai,Chicago Fire,MID,7.9,29,1.04%,5.31,$52K,13,154,CHI,59.0,A. Katai-CHI,A. Katai-CHI
246283,E. Segura,Los Angeles Football Club,DEF,7.7,34,3.93%,5.26,$44K,6,179,LAFC,300.0,E. Segura-LAFC,E. Segura-LAFC
164484,Z. Steffen,Columbus Crew SC,GK,6.3,13,0.18%,5.23,$93K,DNP,68,CLB,666.0,Z. Steffen-CLB,Z. Steffen-CLB
147744,C. Gruezo,FC Dallas,MID,6.5,9,0.49%,5.22,$139K,DNP,47,DAL,287.0,C. Gruezo-DAL,C. Gruezo-DAL
111806,S. Clark,Portland Timbers,GK,7.9,24,2.12%,5.21,$64K,4,125,POR,653.0,S. Clark-POR,S. Clark-POR
151933,W. Zimmerman,Los Angeles Football Club,DEF,6.3,25,3.61%,5.2,$49K,7,130,LAFC,264.0,W. Zimmerman-LAFC,W. Zimmerman-LAFC
60244,O. Alonso,Minnesota United FC,MID,8.5,27,0.76%,5.19,$61K,5,140,MIN,173.0,O. Alonso-MIN,O. Alonso-MIN
149359,G. Zardes,Columbus Crew SC,FWD,9.6,28,0.48%,5.18,$67K,2,145,CLB,10.0,G. Zardes-CLB,G. Zardes-CLB
247670,V. Castellanos,New York City FC,FWD,7.3,30,1.67%,5.17,$48K,10,155,NYC,19.0,V. Castellanos-NYC,V. Castellanos-NYC
163541,A. Long,New York Red Bulls,DEF,8.6,24,0.94%,5.13,$70K,4,123,NY,178.0,A. Long-NY,A. Long-RBNY
33808,C. Marshall,Seattle Sounders FC,DEF,7.4,8,0.19%,5.13,$181K,DNP,41,SEA,612.0,C. Marshall-SEA,C. Marshall-SEA
170797,P. Martinez,Atlanta United FC,MID,9.9,32,1.83%,5.13,$61K,DNP,164,ATL,77.0,P. Martinez-ATL,P. Martinez-ATL
172483,J. Morris,Seattle Sounders FC,FWD,9,26,0.98%,5.12,$68K,2,133,SEA,26.0,J. Morris-SEA,J. Morris-SEA
120621,A. Mitrita,New York City FC,FWD,9.6,29,0.85%,5.1,$65K,DNP,148,NYC,14.0,A. Mitrita-NYC,A. Mitrita-NYC
66284,A. Tinnerholm,New York City FC,DEF,7.6,30,1.09%,5.07,$50K,1,152,NYC,197.0,A. Tinnerholm-NYC,A. Tinnerholm-NYC
114579,M. Delgado,Toronto FC,MID,9.1,30,0.46%,5.03,$61K,6,151,TOR,145.0,M. Delgado-TOR,M. Delgado-TOR
245628,J. Yueill,San Jose Earthquakes,MID,8.7,32,0.34%,5.03,$55K,6,161,SJ,116.0,J. Yueill-SJ,J. Yueill-SJ
244899,K. Duncan,New York Red Bulls,DEF,6,13,0.95%,5,$93K,1,65,NY,227.0,K. Duncan-NY,K. Duncan-RBNY
193891,F. Escobar,Atlanta United FC,DEF,6.7,25,1.68%,5,$54K,3,125,ATL,210.0,F. Escobar-ATL,F. Escobar-ATL
99117,A. Godoy,San Jose Earthquakes,MID,7.5,15,0.21%,5,$100K,DNP,75,SJ,327.0,A. Godoy-SJ,A. Godoy-SJ
110592,M. Hedges,FC Dallas,DEF,8,33,1.50%,5,$49K,14,165,DAL,257.0,M. Hedges-DAL,M. Hedges-DAL
467743,J. Khmiri,Vancouver Whitecaps FC,DEF,4.8,1,0.06%,5,$960K,DNP,5,VAN,530.0,J. Khmiri-VAN,J. Khmiri-VAN
19053,N. Onuoha,Real Salt Lake,DEF,8.3,27,0.46%,5,$62K,10,135,RSL,292.0,N. Onuoha-RSL,N. Onuoha-RSL
88940,Vako,San Jose Earthquakes,MID,8.4,32,1.97%,5,$53K,3,160,SJ,,Vako-SJ,
250972,R. Telfer,Toronto FC,DEF,4.5,1,0.05%,5,$900K,DNP,5,TOR,342.0,R. Telfer-TOR,R. Telfer-TOR
213875,A. Zendejas,Sporting Kansas City,GK,4.5,1,0.14%,5,$900K,DNP,5,SKC,686.0,A. Zendejas-SKC,A. Zendejas-SKC
202361,T. Miller,Los Angeles Football Club,GK,6.2,28,2.16%,4.96,$45K,4,139,LAFC,660.0,T. Miller-LAFC,T. Miller-LAFC
120447,B. Smith,Seattle Sounders FC,DEF,7,25,0.79%,4.96,$57K,9,124,SEA,429.0,B. Smith-SEA,B. Smith-CIN
140040,P. Frankowski,Chicago Fire,MID,8.9,31,0.34%,4.94,$59K,14,153,CHI,76.0,P. Frankowski-CHI,P. Frankowski-CHI
95261,D. Nagbe,Atlanta United FC,MID,8.6,33,0.82%,4.94,$53K,9,163,ATL,150.0,D. Nagbe-ATL,D. Nagbe-ATL
41599,J. Harvey,Los Angeles Football Club,DEF,5.5,30,2.22%,4.93,$38K,2,148,LAFC,201.0,J. Harvey-LAFC,J. Harvey-LAFC
180593,R. Matarrita,New York City FC,DEF,6.4,24,1.54%,4.92,$55K,16,118,NYC,267.0,R. Matarrita-NYC,R. Matarrita-NYC
94932,D. Bingham,LA Galaxy,GK,6.3,33,2.66%,4.91,$39K,1,162,LA,641.0,D. Bingham-LA,D. Bingham-LA
59403,C. Quintero,Minnesota United FC,FWD,8.1,30,1.06%,4.9,$56K,3,147,MIN,,C. Quintero-MIN,
248022,A. Herrera,Real Salt Lake,DEF,7.5,32,0.88%,4.88,$49K,8,156,RSL,313.0,A. Herrera-RSL,A. Herrera-RSL
68431,D. Kreilach,Real Salt Lake,MID,8.4,32,0.77%,4.88,$54K,10,156,RSL,64.0,D. Kreilach-RSL,D. Kreilach-RSL
96201,D. Toia,Real Salt Lake,DEF,7.8,24,0.24%,4.88,$67K,9,117,RSL,251.0,D. Toia-RSL,D. Toia-RSL
50768,D. Polenta,LA Galaxy,DEF,6.8,28,1.05%,4.86,$50K,2,136,LA,200.0,D. Polenta-LA,D. Polenta-LA
60238,S. Frei,Seattle Sounders FC,GK,7.6,34,1.61%,4.85,$47K,9,165,SEA,644.0,S. Frei-SEA,S. Frei-SEA
88812,D. Henry,Vancouver Whitecaps FC,DEF,6.5,25,0.88%,4.84,$54K,5,121,VAN,107.0,D. Henry-VAN,D. Henry-VAN
169881,F. Alvarez,LA Galaxy,MID,7.6,18,0.42%,4.83,$88K,9,87,LA,115.0,F. Alvarez-LA,F. Alvarez-LA
45092,J. Villafaña,Portland Timbers,DEF,7.9,23,0.97%,4.83,$72K,6,111,POR,306.0,J. Villafaña-POR,J. Villafaña-POR
41004,L. Mabiala,Portland Timbers,DEF,8.8,22,0.86%,4.82,$84K,9,106,POR,192.0,L. Mabiala-POR,L. Mabiala-POR
94479,J. Williams,Columbus Crew SC,DEF,7,16,0.12%,4.81,$91K,4,77,CLB,614.0,J. Williams-CLB,J. Williams-CLB
55758,O. Kamara,D.C. United,FWD,8.7,5,0.13%,4.8,$363K,1,24,DC,138.0,O. Kamara-DC,O. Kamara-DC
159710,A. Callens,New York City FC,DEF,6.8,24,0.39%,4.79,$60K,4,115,NYC,637.0,A. Callens-NYC,A. Callens-NYC
245012,J. Elliott,Philadelphia Union,DEF,6.6,34,1.33%,4.79,$41K,3,163,PHI,193.0,J. Elliott-PHI,J. Elliott-PHI
78013,S. Johnson,New York City FC,GK,7,29,1.42%,4.79,$51K,5,139,NYC,656.0,S. Johnson-NYC,S. Johnson-NYC
41493,K. Kamara,Colorado Rapids,FWD,8.2,29,0.93%,4.79,$59K,8,139,COL,7.0,K. Kamara-COL,K. Kamara-COL
149231,J. Moreno,D.C. United,MID,7.7,29,1.18%,4.79,$56K,9,139,DC,319.0,J. Moreno-DC,J. Moreno-DC
443604,B. White,New York Red Bulls,FWD,7.1,19,0.39%,4.79,$79K,2,91,NY,34.0,B. White-NY,B. White-RBNY
224377,P. Pomykal,FC Dallas,MID,7.2,25,1.09%,4.76,$61K,DNP,119,DAL,148.0,P. Pomykal-DAL,P. Pomykal-DAL
15310,N. Rimando,Real Salt Lake,GK,8.5,29,0.69%,4.76,$62K,8,138,RSL,657.0,N. Rimando-RSL,N. Rimando-RSL
40276,B. Krkic,Montreal Impact,MID,7.8,8,0.21%,4.75,$206K,9,38,MTL,141.0,B. Krkic-MTL,B. Krkic-MTL
41626,D. McCarty,Chicago Fire,MID,6.8,32,1.39%,4.75,$45K,6,152,CHI,,D. McCarty-CHI,
96622,D. Chara,Portland Timbers,MID,8.3,30,0.91%,4.73,$59K,1,142,POR,329.0,D. Chara-POR,D. Chara-POR
428338,K. Wagner,Philadelphia Union,DEF,7.5,30,0.41%,4.73,$53K,6,142,PHI,304.0,K. Wagner-PHI,K. Wagner-PHI
423123,T. Blackmon,Los Angeles Football Club,DEF,6.4,18,0.56%,4.72,$76K,12,85,LAFC,206.0,T. Blackmon-LAFC,T. Blackmon-LAFC
58634,K. Leerdam,Seattle Sounders FC,DEF,5.7,29,2.59%,4.72,$42K,8,137,SEA,89.0,K. Leerdam-SEA,K. Leerdam-SEA
95321,C. Sapong,Chicago Fire,FWD,7.5,32,1.13%,4.72,$50K,8,151,CHI,9.0,C. Sapong-CHI,C. Sapong-CHI
57876,M. Chanot,New York City FC,DEF,6.2,31,0.87%,4.71,$43K,2,146,NYC,626.0,M. Chanot-NYC,M. Chanot-NYC
60218,O. Gonzalez,Toronto FC,DEF,6.9,14,2.03%,4.71,$105K,8,66,TOR,252.0,O. Gonzalez-TOR,O. Gonzalez-TOR
205285,J. Mora,D.C. United,DEF,7.2,20,2.41%,4.7,$77K,8,94,DC,383.0,J. Mora-DC,J. Mora-DC
186250,B. Kallman,Minnesota United FC,DEF,5.1,16,0.34%,4.69,$68K,DNP,75,MIN,351.0,B. Kallman-MIN,B. Kallman-MIN
64140,L. Jara,D.C. United,DEF,4.9,30,1.32%,4.67,$35K,1,140,DC,203.0,L. Jara-DC,L. Jara-DC
153082,C. Penilla,New England Revolution,MID,9.2,30,0.18%,4.67,$66K,9,140,NE,58.0,C. Penilla-NE,C. Penilla-NE
111473,D. Steres,LA Galaxy,DEF,4.7,30,5.58%,4.67,$34K,DNP,140,LA,142.0,D. Steres-LA,D. Steres-LA
49761,K. Kronholm,Chicago Fire,GK,8.7,20,0.32%,4.65,$94K,5,93,CHI,663.0,K. Kronholm-CHI,K. Kronholm-CHI
77952,K. Molino,Minnesota United FC,MID,7.7,17,0.33%,4.65,$98K,1,79,MIN,119.0,K. Molino-MIN,K. Molino-MIN
224068,M. Turner,New England Revolution,GK,8.1,20,0.48%,4.65,$88K,4,93,NE,652.0,M. Turner-NE,M. Turner-NE
47681,F. Higuain,Columbus Crew SC,MID,9,14,0.07%,4.64,$139K,DNP,65,CLB,202.0,F. Higuain-CLB,F. Higuain-CLB
201410,A. Trusty,Philadelphia Union,DEF,6.2,22,0.55%,4.64,$61K,DNP,102,PHI,294.0,A. Trusty-PHI,A. Trusty-PHI
120764,K. Kee-hee,Seattle Sounders FC,DEF,6.9,30,0.92%,4.6,$50K,10,138,SEA,,K. Kee-hee-SEA,
204401,M. Murillo,New York Red Bulls,DEF,5.5,22,0.79%,4.59,$55K,1,101,NY,199.0,M. Murillo-NY,M. Murillo-RBNY
244927,L. Abubakar,Colorado Rapids,DEF,7.3,23,1.10%,4.57,$70K,5,105,COL,629.0,L. Abubakar-COL,L. Abubakar-COL
153706,A. Adnan,Vancouver Whitecaps FC,DEF,7.3,28,1.58%,4.57,$58K,5,128,VAN,204.0,A. Adnan-VAN,A. Adnan-VAN
52629,D. Ousted,Chicago Fire,GK,4.7,14,0.98%,4.57,$74K,DNP,64,CHI,668.0,D. Ousted-CHI,D. Ousted-CHI
61770,A. Bedoya,Philadelphia Union,MID,7,32,0.97%,4.56,$48K,DNP,146,PHI,100.0,A. Bedoya-PHI,A. Bedoya-PHI
82845,S. Beitashour,Los Angeles Football Club,DEF,4.9,25,1.32%,4.56,$43K,1,114,LAFC,225.0,S. Beitashour-LAFC,S. Beitashour-LAFC
455605,I. Hwang,Vancouver Whitecaps FC,MID,8.4,34,1.24%,4.56,$55K,3,155,VAN,117.0,I. Hwang-VAN,I. Hwang-VAN
213167,L. Rodriguez,D.C. United,MID,7.7,33,1.03%,4.55,$52K,7,150,DC,69.0,L. Rodriguez-DC,L. Rodriguez-DC
170782,Kaku,New York Red Bulls,MID,8.2,26,0.49%,4.54,$70K,3,118,NY,,Kaku-NY,
60906,L. Sane,Orlando City SC,DEF,6.6,26,0.55%,4.54,$56K,DNP,118,ORL,393.0,L. Sane-ORL,L. Sane-ORL
67704,A. Delamea,New England Revolution,DEF,7.1,17,0.22%,4.53,$93K,3,77,NE,172.0,A. Delamea-NE,A. Delamea-NE
166921,P. Arriola,D.C. United,MID,7.6,29,2.24%,4.52,$59K,6,131,DC,73.0,P. Arriola-DC,P. Arriola-DC
446090,C. Casseres Jr.,New York Red Bulls,MID,6.7,23,0.46%,4.52,$65K,5,104,NY,,C. Casseres Jr.-NY,
156787,Y. Reyna,Vancouver Whitecaps FC,MID,7.6,25,0.31%,4.52,$68K,2,113,VAN,53.0,Y. Reyna-VAN,Y. Reyna-VAN
201558,C. Coronel,Philadelphia Union,GK,4.5,4,0.08%,4.5,$250K,DNP,18,PHI,680.0,C. Coronel-PHI,C. Coronel-PHI
51295,E. Ledesma,FC Cincinnati,MID,8.5,26,0.25%,4.5,$73K,3,117,CIN,63.0,E. Ledesma-CIN,E. Ledesma-CIN
153647,J. Osorio,Toronto FC,MID,7.2,24,0.27%,4.5,$67K,5,108,TOR,82.0,J. Osorio-TOR,J. Osorio-TOR
234404,D. Pines,D.C. United,DEF,5.6,10,0.31%,4.5,$125K,DNP,45,DC,360.0,D. Pines-DC,D. Pines-DC
178211,T. Thompson,San Jose Earthquakes,DEF,6.8,30,0.48%,4.5,$51K,DNP,135,SJ,176.0,T. Thompson-SJ,T. Thompson-SJ
41647,C. Wondolowski,San Jose Earthquakes,FWD,7.4,32,1.57%,4.5,$52K,7,144,SJ,6.0,C. Wondolowski-SJ,C. Wondolowski-SJ
110620,B. Rowe,Orlando City SC,GK,6.4,32,0.57%,4.47,$45K,2,143,ORL,647.0,B. Rowe-ORL,B. Rowe-ORL
41700,J. Bornstein,Chicago Fire,DEF,6.7,11,0.31%,4.45,$137K,2,49,CHI,560.0,J. Bornstein-CHI,J. Bornstein-CHI
210473,A. Cruz,FC Cincinnati,MID,8.4,22,0.12%,4.45,$86K,DNP,98,CIN,52.0,A. Cruz-CIN,A. Cruz-CIN
193194,L. Lappalainen,Montreal Impact,MID,7,11,0.47%,4.45,$143K,1,49,MTL,92.0,L. Lappalainen-MTL,L. Lappalainen-MTL
56328,M. van der Werff,FC Cincinnati,DEF,6.3,11,0.19%,4.45,$129K,10,49,CIN,,M. van der Werff-CIN,
179846,V. Cabrera,Montreal Impact,DEF,5.5,16,0.18%,4.44,$78K,DNP,71,MTL,617.0,V. Cabrera-MTL,V. Cabrera-MTL
99103,H. Cummings,San Jose Earthquakes,DEF,6.4,16,0.15%,4.44,$91K,DNP,71,SJ,534.0,H. Cummings-SJ,H. Cummings-SJ
153575,M. Crépeau,Vancouver Whitecaps FC,GK,6.4,26,0.45%,4.42,$56K,3,115,VAN,,M. Crépeau-VAN,
41210,L. Robles,New York Red Bulls,GK,7.2,33,1.08%,4.39,$50K,2,145,NY,651.0,L. Robles-NY,L. Robles-RBNY
122836,E. Godoy,Vancouver Whitecaps FC,DEF,7.1,29,0.97%,4.38,$56K,3,127,VAN,258.0,E. Godoy-VAN,E. Godoy-VAN
88534,S. Lletget,LA Galaxy,MID,6.9,29,0.86%,4.38,$55K,5,127,LA,114.0,S. Lletget-LA,S. Lletget-LA
111847,A. Diomande,Los Angeles Football Club,FWD,7.9,25,0.20%,4.36,$73K,DNP,109,LAFC,38.0,A. Diomande-LAFC,A. Diomande-LAFC
224372,J. Ferreira,FC Dallas,FWD,7,33,0.98%,4.36,$49K,13,144,DAL,39.0,J. Ferreira-DAL,J. Ferreira-DAL
151940,A. Farrell,New England Revolution,DEF,7.7,29,0.54%,4.34,$62K,4,126,NE,354.0,A. Farrell-NE,A. Farrell-NE
225061,L. Fraser,Toronto FC,MID,6.1,9,0.20%,4.33,$157K,DNP,39,TOR,380.0,L. Fraser-TOR,L. Fraser-TOR
94255,K. Saief,FC Cincinnati,MID,6.5,9,0.07%,4.33,$167K,DNP,39,CIN,223.0,K. Saief-CIN,K. Saief-CIN
45099,T. Smith,Colorado Rapids,DEF,7,27,1.56%,4.33,$60K,2,117,COL,126.0,T. Smith-COL,T. Smith-COL
212993,A. Tarek,New York Red Bulls,DEF,5.1,20,0.47%,4.3,$60K,DNP,86,NY,243.0,A. Tarek-NY,A. Tarek-RBNY
102407,J. Corona,LA Galaxy,MID,6.9,31,0.46%,4.29,$52K,1,133,LA,216.0,J. Corona-LA,J. Corona-LA
91373,V. Rodriguez,Seattle Sounders FC,MID,6.6,17,0.27%,4.29,$91K,DNP,73,SEA,159.0,V. Rodriguez-SEA,V. Rodriguez-SEA
152589,M. Bressanelli,FC Dallas,DEF,5.2,18,0.47%,4.28,$68K,1,77,DAL,,M. Bressanelli-DAL,
157489,J. Gonzalez,FC Dallas,GK,7.3,32,0.70%,4.28,$54K,8,137,DAL,654.0,J. Gonzalez-DAL,J. Gonzalez-DAL
86898,J. Kappelhof,Chicago Fire,DEF,7.8,29,0.14%,4.28,$63K,1,124,CHI,326.0,J. Kappelhof-CHI,J. Kappelhof-CHI
193611,B. Acosta,FC Dallas,MID,6.7,26,0.43%,4.27,$61K,6,111,DAL,182.0,B. Acosta-DAL,B. Acosta-DAL
133042,J. Campbell,Seattle Sounders FC,DEF,4.9,4,0.24%,4.25,$289K,DNP,17,SEA,495.0,J. Campbell-SEA,J. Campbell-SEA
63800,J. Skjelvik,LA Galaxy,DEF,4.7,20,0.57%,4.25,$56K,DNP,85,LA,226.0,J. Skjelvik-LA,J. Skjelvik-LA
127541,K. Rosenberry,Colorado Rapids,DEF,7.8,34,0.63%,4.24,$55K,4,144,COL,220.0,K. Rosenberry-COL,K. Rosenberry-COL
217784,C. Paredes,Portland Timbers,MID,6.6,22,0.61%,4.23,$71K,2,93,POR,105.0,C. Paredes-POR,C. Paredes-POR
86938,T. Melia,Sporting Kansas City,GK,7.5,32,0.68%,4.22,$56K,DNP,135,SKC,646.0,T. Melia-SKC,T. Melia-SKC
86155,I. Sanchez,Sporting Kansas City,MID,6,32,0.36%,4.22,$45K,DNP,135,SKC,147.0,I. Sanchez-SKC,I. Sanchez-SKC
37975,Q. Westberg,Toronto FC,GK,7.5,28,0.47%,4.21,$64K,8,118,TOR,658.0,Q. Westberg-TOR,Q. Westberg-TOR
109320,G. Fernandes,Sporting Kansas City,MID,6.1,25,0.40%,4.2,$59K,1,105,SKC,146.0,G. Fernandes-SKC,G. Fernandes-SKC
60716,G. Sauro,Columbus Crew SC,DEF,4.1,15,1.32%,4.2,$66K,DNP,63,CLB,187.0,G. Sauro-CLB,G. Sauro-CLB
170827,K. Lawrence,New York Red Bulls,DEF,6.6,22,0.78%,4.18,$72K,2,92,NY,279.0,K. Lawrence-NY,K. Lawrence-RBNY
148995,W. Trapp,Columbus Crew SC,MID,6.7,28,0.36%,4.18,$58K,2,117,CLB,310.0,W. Trapp-CLB,W. Trapp-CLB
57304,G. Kashia,San Jose Earthquakes,DEF,7.2,23,0.20%,4.17,$75K,3,96,SJ,618.0,G. Kashia-SJ,G. Kashia-SJ
78103,M. Pereyra,Orlando City SC,MID,8.1,6,0.03%,4.17,$324K,7,25,ORL,314.0,M. Pereyra-ORL,M. Pereyra-ORL
234964,U. Antuna,LA Galaxy,MID,7.3,31,1.63%,4.16,$57K,6,129,LA,62.0,U. Antuna-LA,U. Antuna-LA
53477,E. Castillo,New England Revolution,DEF,7.5,20,0.13%,4.15,$91K,DNP,83,NE,308.0,E. Castillo-NE,E. Castillo-NE
39276,W. Johnson,Orlando City SC,MID,6.7,21,0.24%,4.14,$78K,3,87,ORL,268.0,W. Johnson-ORL,W. Johnson-ORL
179384,L. Acosta,D.C. United,MID,5.4,31,0.85%,4.13,$43K,3,128,DC,72.0,L. Acosta-DC,L. Acosta-DC
196287,A. Fuenmayor,Houston Dynamo,DEF,6,8,0.13%,4.13,$182K,DNP,33,HOU,367.0,A. Fuenmayor-HOU,A. Fuenmayor-HOU
198923,C. Gasper,Minnesota United FC,DEF,6.1,15,0.58%,4.13,$99K,5,62,MIN,602.0,C. Gasper-MIN,C. Gasper-MIN
66905,J. Mensah,Columbus Crew SC,DEF,6.7,24,0.18%,4.13,$68K,3,99,CLB,625.0,J. Mensah-CLB,J. Mensah-CLB
89080,R. Camacho,Montreal Impact,DEF,6.6,17,0.11%,4.12,$95K,10,70,MTL,291.0,R. Camacho-MTL,R. Camacho-MTL
118738,C. Irwin,Colorado Rapids,GK,5.2,11,0.92%,4.09,$116K,DNP,45,COL,664.0,C. Irwin-COL,C. Irwin-COL
37996,I. Piatti,Montreal Impact,MID,7.8,11,0.45%,4.09,$174K,3,45,MTL,135.0,I. Piatti-MTL,I. Piatti-MTL
209819,R. Canouse,D.C. United,MID,7.7,26,0.09%,4.08,$73K,5,106,DC,622.0,R. Canouse-DC,R. Canouse-DC
198884,M. Rodriguez,Houston Dynamo,MID,5.5,26,0.69%,4.08,$52K,6,106,HOU,47.0,M. Rodriguez-HOU,M. Rodriguez-HOU
443002,J. Moutinho,Orlando City SC,DEF,5.5,16,0.13%,4.06,$85K,DNP,65,ORL,317.0,J. Moutinho-ORL,J. Moutinho-ORL
85790,B. Barath,Sporting Kansas City,DEF,5.6,21,0.25%,4.05,$66K,0,85,SKC,289.0,B. Barath-SKC,B. Barath-SKC
153390,I. Tajouri-Shradi,New York City FC,MID,6.5,19,0.29%,4.05,$85K,6,77,NYC,81.0,I. Tajouri-Shradi-NYC,I. Tajouri-Shradi-NYC
163397,C. Ramirez,Houston Dynamo,FWD,7.6,27,0.24%,4.04,$70K,13,109,HOU,33.0,C. Ramirez-HOU,C. Ramirez-HOU
60210,G. Zusi,Sporting Kansas City,DEF,6.9,27,1.11%,4.04,$64K,DNP,109,SKC,339.0,G. Zusi-SKC,G. Zusi-SKC
424995,S. Brewer Jr.,Los Angeles Football Club,DEF,4.5,1,0.01%,4,"$1,125K",DNP,4,LAFC,,S. Brewer Jr.-LAFC,
109275,E. Bush,Montreal Impact,GK,5.5,32,0.90%,4,$43K,DNP,128,MTL,655.0,E. Bush-MTL,E. Bush-MTL
475922,L. Diaz,Columbus Crew SC,MID,7.8,13,0.12%,4,$150K,3,52,CLB,149.0,L. Diaz-CLB,L. Diaz-CLB
38413,J. Erice,Vancouver Whitecaps FC,MID,6.9,21,0.08%,4,$83K,DNP,84,VAN,323.0,J. Erice-VAN,J. Erice-VAN
110209,G. Garza,FC Cincinnati,DEF,6.8,13,0.17%,4,$131K,7,52,CIN,486.0,G. Garza-CIN,G. Garza-CIN
95277,P. Kitchen,LA Galaxy,MID,6.1,8,0.12%,4,$191K,DNP,32,LA,322.0,P. Kitchen-LA,P. Kitchen-LA
110609,R. Meara,New York Red Bulls,GK,4.5,1,0.09%,4,"$1,125K",DNP,4,NY,683.0,R. Meara-NY,R. Meara-RBNY
151939,B. Stuver,New York City FC,GK,5.2,5,0.30%,4,$260K,DNP,20,NYC,679.0,B. Stuver-NYC,B. Stuver-NYC
240899,F. Valot,New York Red Bulls,MID,7.5,2,0.02%,4,$938K,DNP,8,NY,347.0,F. Valot-NY,F. Valot-RBNY
15517,K. Beckerman,Real Salt Lake,MID,7.3,25,0.22%,3.96,$74K,10,99,RSL,309.0,K. Beckerman-RSL,K. Beckerman-RSL
53643,M. Fabian,Philadelphia Union,MID,8.1,23,0.34%,3.96,$90K,7,91,PHI,54.0,M. Fabian-PHI,M. Fabian-PHI
15337,T. Howard,Colorado Rapids,GK,6.5,25,1.01%,3.96,$66K,2,99,COL,659.0,T. Howard-COL,T. Howard-COL
49483,H. Afful,Columbus Crew SC,DEF,7.2,22,1.03%,3.95,$83K,3,87,CLB,336.0,H. Afful-CLB,H. Afful-CLB
172761,S. Richey,FC Cincinnati,GK,5,19,0.34%,3.95,$67K,DNP,75,CIN,661.0,S. Richey-CIN,S. Richey-CIN
228760,D. Cornelius,Vancouver Whitecaps FC,DEF,6.7,17,0.08%,3.94,$100K,6,67,VAN,280.0,D. Cornelius-VAN,D. Cornelius-VAN
153399,T. Martinez,Houston Dynamo,MID,6.6,33,0.59%,3.94,$51K,3,130,HOU,87.0,T. Martinez-HOU,T. Martinez-HOU
69168,Z. Ondrasek,FC Dallas,FWD,7.4,17,0.65%,3.94,$111K,12,67,DAL,51.0,Z. Ondrasek-DAL,Z. Ondrasek-DAL
55024,D. Vega,San Jose Earthquakes,GK,5.9,34,1.49%,3.94,$45K,2,134,SJ,648.0,D. Vega-SJ,D. Vega-SJ
177947,T. Akindele,Orlando City SC,FWD,5.1,28,0.47%,3.93,$47K,8,110,ORL,29.0,T. Akindele-ORL,T. Akindele-ORL
248398,Z. Brault-Guillard,Montreal Impact,DEF,4.9,12,0.15%,3.92,$105K,DNP,47,MTL,403.0,Z. Brault-Guillard-MTL,Z. Brault-Guillard-MTL
20525,B. Feilhaber,Sporting Kansas City,MID,7.2,26,0.22%,3.92,$71K,DNP,102,SKC,101.0,B. Feilhaber-SKC,B. Feilhaber-SKC
246099,Ruan,Orlando City SC,DEF,5.5,25,0.42%,3.92,$57K,1,98,ORL,,Ruan-ORL,
182906,S. Piette,Montreal Impact,MID,7.6,25,0.08%,3.92,$78K,5,98,MTL,627.0,S. Piette-MTL,S. Piette-MTL
442431,B. Bye,New England Revolution,DEF,6.7,30,0.49%,3.9,$58K,2,117,NE,166.0,B. Bye-NE,B. Bye-NE
131372,S. Davis,New York Red Bulls,MID,6.1,30,0.15%,3.9,$53K,3,117,NY,334.0,S. Davis-NY,S. Davis-RBNY
85601,R. Jansson,Orlando City SC,DEF,5.1,28,0.17%,3.89,$47K,1,109,ORL,619.0,R. Jansson-ORL,R. Jansson-ORL
95309,J. Willis,Houston Dynamo,GK,5.8,27,0.41%,3.89,$56K,DNP,105,HOU,650.0,J. Willis-HOU,J. Willis-HOU
68259,C. Mavinga,Toronto FC,DEF,5.3,26,0.61%,3.88,$53K,9,101,TOR,376.0,C. Mavinga-TOR,C. Mavinga-TOR
57252,F. Montero,Vancouver Whitecaps FC,FWD,7,32,0.40%,3.88,$57K,1,124,VAN,42.0,F. Montero-VAN,F. Montero-VAN
45269,C. Dielna,Portland Timbers,DEF,6.7,15,0.36%,3.87,$116K,1,58,POR,630.0,C. Dielna-POR,C. Dielna-POR
82064,N. Nikolic,Chicago Fire,FWD,6.9,31,0.27%,3.87,$58K,1,120,CHI,15.0,N. Nikolic-CHI,N. Nikolic-CHI
78015,D. Powers,Orlando City SC,MID,5.2,7,0.41%,3.86,$193K,DNP,27,ORL,372.0,D. Powers-ORL,D. Powers-ORL
153379,J. Sims,New York Red Bulls,MID,7.3,7,0.05%,3.86,$271K,5,27,NY,401.0,J. Sims-NY,J. Sims-RBNY
135300,T. Endoh,Toronto FC,MID,6.3,13,0.26%,3.85,$126K,1,50,TOR,125.0,T. Endoh-TOR,T. Endoh-TOR
41552,M. Parkhurst,Atlanta United FC,DEF,5.3,20,1.04%,3.85,$69K,1,77,ATL,590.0,M. Parkhurst-ATL,M. Parkhurst-ATL
79237,F. Pogba,Atlanta United FC,DEF,5.4,13,0.67%,3.85,$108K,2,50,ATL,578.0,F. Pogba-ATL,F. Pogba-ATL
77994,M. Silva,Real Salt Lake,DEF,7.2,19,0.20%,3.84,$99K,1,73,RSL,184.0,M. Silva-RSL,M. Silva-RSL
205295,M. Chirinos,Vancouver Whitecaps FC,MID,6.5,6,0.04%,3.83,$283K,1,23,VAN,247.0,M. Chirinos-VAN,M. Chirinos-VAN
449235,O. Browne,Montreal Impact,MID,5.5,10,0.04%,3.8,$145K,DNP,38,MTL,165.0,O. Browne-MTL,O. Browne-MTL
44871,R. Feltscher,LA Galaxy,DEF,5,25,0.45%,3.8,$53K,0,95,LA,207.0,R. Feltscher-LA,R. Feltscher-LA
212010,F. Lasso,FC Cincinnati,DEF,4.3,5,0.08%,3.8,$227K,DNP,19,CIN,549.0,F. Lasso-CIN,F. Lasso-CIN
46374,P. Tyton,FC Cincinnati,GK,6.6,15,0.34%,3.8,$116K,9,57,CIN,670.0,P. Tyton-CIN,P. Tyton-CIN
194730,J. Mendez,Orlando City SC,MID,6.3,23,0.09%,3.78,$73K,DNP,87,ORL,,J. Mendez-ORL,
234297,A. Shinyashiki,Colorado Rapids,FWD,6.5,31,1.47%,3.77,$56K,1,117,COL,50.0,A. Shinyashiki-COL,A. Shinyashiki-COL
51774,G. Svensson,Seattle Sounders FC,MID,6.6,22,0.19%,3.77,$80K,6,83,SEA,413.0,G. Svensson-SEA,G. Svensson-SEA
34285,M. Figueroa,Houston Dynamo,DEF,4.4,25,0.53%,3.76,$47K,4,94,HOU,321.0,M. Figueroa-HOU,M. Figueroa-HOU
249164,M. Toye,Minnesota United FC,FWD,4.5,17,0.98%,3.76,$71K,1,64,MIN,68.0,M. Toye-MIN,M. Toye-MIN
426592,E. Cerrillo,FC Dallas,MID,5.4,12,0.22%,3.75,$120K,DNP,45,DAL,375.0,E. Cerrillo-DAL,E. Cerrillo-DAL
109699,C. Lade,New York Red Bulls,DEF,4.4,11,0.16%,3.73,$108K,DNP,41,NY,240.0,C. Lade-NY,C. Lade-RBNY
177976,H. Shipp,Seattle Sounders FC,MID,6.2,25,0.37%,3.72,$67K,DNP,93,SEA,86.0,H. Shipp-SEA,H. Shipp-SEA
170062,C. Ascues,Orlando City SC,DEF,5,17,0.22%,3.71,$80K,DNP,63,ORL,246.0,C. Ascues-ORL,C. Ascues-ORL
474163,H. Dotson,Minnesota United FC,DEF,6.1,24,0.53%,3.71,$69K,4,89,MIN,109.0,H. Dotson-MIN,H. Dotson-MIN
121332,W. Francis,Columbus Crew SC,DEF,4.8,17,0.11%,3.71,$77K,DNP,63,CLB,574.0,W. Francis-CLB,W. Francis-CLB
42512,K. Nemeth,Sporting Kansas City,FWD,5.2,24,0.62%,3.71,$59K,1,89,SKC,43.0,K. Nemeth-SKC,K. Nemeth-SKC
34160,R. Torres,Seattle Sounders FC,DEF,6.1,17,0.22%,3.71,$97K,14,63,SEA,298.0,R. Torres-SEA,R. Torres-SEA
94305,J. Attinella,Portland Timbers,GK,5.4,10,0.13%,3.7,$146K,DNP,37,POR,665.0,J. Attinella-POR,J. Attinella-POR
60207,M. Besler,Sporting Kansas City,DEF,6.1,27,0.46%,3.7,$61K,0,100,SKC,563.0,M. Besler-SKC,M. Besler-SKC
110580,N. DeLeon,Toronto FC,MID,4.4,32,0.96%,3.69,$38K,1,118,TOR,,N. DeLeon-TOR,
55209,B. Garcia,Houston Dynamo,MID,6.1,32,0.27%,3.69,$52K,4,118,HOU,412.0,B. Garcia-HOU,B. Garcia-HOU
170945,A. Lundkvist,Houston Dynamo,DEF,5.6,28,0.29%,3.68,$55K,2,103,HOU,311.0,A. Lundkvist-HOU,A. Lundkvist-HOU
215471,J. Sands,New York City FC,DEF,4.6,19,0.06%,3.68,$66K,1,70,NYC,559.0,J. Sands-NYC,J. Sands-NYC
97607,M. Urruti,Montreal Impact,FWD,6.3,31,0.24%,3.68,$56K,7,114,MTL,97.0,M. Urruti-MTL,M. Urruti-MTL
149674,C. Higuita,Orlando City SC,MID,5.6,9,0.05%,3.67,$170K,DNP,33,ORL,328.0,C. Higuita-ORL,C. Higuita-ORL
131841,C. Martin,Minnesota United FC,MID,5.5,3,0.07%,3.67,$500K,DNP,11,MIN,346.0,C. Martin-MIN,C. Martin-MIN
201168,P. Sisniega,Los Angeles Football Club,GK,4.5,6,0.68%,3.67,$205K,DNP,22,LAFC,673.0,P. Sisniega-LAFC,P. Sisniega-LAFC
235290,J. Ebobisse,Portland Timbers,FWD,6.3,34,3.28%,3.65,$51K,3,124,POR,23.0,J. Ebobisse-POR,J. Ebobisse-POR
218350,O. Okwonkwo,Montreal Impact,FWD,6.5,28,0.14%,3.64,$64K,10,102,MTL,44.0,O. Okwonkwo-MTL,O. Okwonkwo-MTL
50081,S. Salinas,San Jose Earthquakes,MID,4,28,3.05%,3.64,$40K,1,102,SJ,66.0,S. Salinas-SJ,S. Salinas-SJ
82526,S. Sinovic,Sporting Kansas City,DEF,5.2,22,0.24%,3.64,$65K,DNP,80,SKC,395.0,S. Sinovic-SKC,S. Sinovic-SKC
95276,Z. MacMath,Vancouver Whitecaps FC,GK,5.8,8,0.26%,3.63,$200K,DNP,29,VAN,,Z. MacMath-VAN,
132134,S. Nicholson,Colorado Rapids,MID,7.1,27,0.14%,3.63,$73K,3,98,COL,154.0,S. Nicholson-COL,S. Nicholson-COL
41627,D. Moor,Toronto FC,DEF,4.6,13,0.32%,3.62,$98K,DNP,47,TOR,535.0,D. Moor-TOR,D. Moor-TOR
224382,B. Servania,FC Dallas,MID,5.3,18,0.16%,3.61,$82K,9,65,DAL,160.0,B. Servania-DAL,B. Servania-DAL
244897,E. Holt,Real Salt Lake,DEF,5,5,0.10%,3.6,$278K,DNP,18,RSL,343.0,E. Holt-RSL,E. Holt-RSL
234725,C. Maloney,Columbus Crew SC,DEF,6.1,10,0.06%,3.6,$170K,3,36,CLB,588.0,C. Maloney-CLB,C. Maloney-CLB
208424,M. Vera,Houston Dynamo,MID,6.3,30,0.15%,3.6,$59K,4,108,HOU,415.0,M. Vera-HOU,M. Vera-HOU
120608,Everton Luiz,Real Salt Lake,MID,6.1,27,0.19%,3.59,$63K,4,97,RSL,,Everton Luiz-RSL,
111114,J. Jones,Seattle Sounders FC,DEF,6,17,0.81%,3.59,$99K,11,61,SEA,335.0,J. Jones-SEA,J. Jones-SEA
176907,J. Silva Tavares,San Jose Earthquakes,MID,5.9,27,0.07%,3.59,$61K,5,97,SJ,,J. Silva Tavares-SJ,
227232,Artur,Columbus Crew SC,MID,5.5,30,0.28%,3.57,$52K,4,107,CLB,,Artur-CLB,
83065,J. Morrow,Toronto FC,DEF,5.5,28,1.07%,3.57,$55K,7,100,TOR,214.0,J. Morrow-TOR,J. Morrow-TOR
95228,J. Anibaba,New England Revolution,DEF,5.5,22,0.22%,3.55,$71K,1,78,NE,224.0,J. Anibaba-NE,J. Anibaba-NE
164489,E. Ofori,New York City FC,MID,4.7,20,0.16%,3.55,$67K,4,71,NYC,185.0,E. Ofori-NYC,E. Ofori-NYC
102456,O. Rosell,Orlando City SC,MID,5.6,20,0.11%,3.55,$79K,5,71,ORL,410.0,O. Rosell-ORL,O. Rosell-ORL
218313,B. Vazquez,Atlanta United FC,FWD,5.2,11,0.42%,3.55,$134K,DNP,39,ATL,181.0,B. Vazquez-ATL,B. Vazquez-ATL
62535,J. Raitala,Montreal Impact,DEF,4.8,26,0.28%,3.54,$53K,9,92,MTL,597.0,J. Raitala-MTL,J. Raitala-MTL
110974,R. Gaddis,Philadelphia Union,DEF,4.7,34,1.32%,3.53,$40K,2,120,PHI,364.0,R. Gaddis-PHI,R. Gaddis-PHI
89038,N. Benezet,Toronto FC,MID,7.2,8,0.07%,3.5,$258K,1,28,TOR,188.0,N. Benezet-TOR,N. Benezet-TOR
163906,A. Blake,Philadelphia Union,GK,5.4,26,1.35%,3.5,$60K,1,91,PHI,662.0,A. Blake-PHI,A. Blake-PHI
45959,A. Collin,Philadelphia Union,DEF,4.3,6,0.52%,3.5,$205K,DNP,21,PHI,598.0,A. Collin-PHI,A. Collin-PHI
198270,S. Johnson,Real Salt Lake,FWD,5.5,24,0.25%,3.5,$66K,DNP,84,RSL,656.0,S. Johnson-RSL,S. Johnson-NYC
106264,Y. Mokhtar,Columbus Crew SC,MID,6.9,8,0.01%,3.5,$247K,3,28,CLB,297.0,Y. Mokhtar-CLB,Y. Mokhtar-CLB
211539,G. Ranjitsingh,Orlando City SC,GK,4.8,2,0.07%,3.5,$686K,DNP,7,ORL,684.0,G. Ranjitsingh-ORL,G. Ranjitsingh-ORL
213213,D. Romney,LA Galaxy,DEF,4.1,12,0.89%,3.5,$98K,0,42,LA,390.0,D. Romney-LA,D. Romney-LA
60318,D. Dwyer,Orlando City SC,FWD,6.3,27,0.43%,3.48,$68K,DNP,94,ORL,48.0,D. Dwyer-ORL,D. Dwyer-ORL
451038,B. Michel,Orlando City SC,FWD,5.9,17,1.26%,3.47,$100K,14,59,ORL,91.0,B. Michel-ORL,B. Michel-ORL
245035,R. Cannon,FC Dallas,DEF,5.7,28,2.00%,3.46,$59K,11,97,DAL,249.0,R. Cannon-DAL,R. Cannon-DAL
45120,Ilsinho,Philadelphia Union,MID,4.9,28,0.62%,3.46,$51K,4,97,PHI,,Ilsinho-PHI,
194102,E. Remedi,Atlanta United FC,MID,5.2,28,0.20%,3.46,$54K,DNP,97,ATL,400.0,E. Remedi-ATL,E. Remedi-ATL
105021,G. Gonzalez,LA Galaxy,DEF,5.3,20,0.26%,3.45,$77K,2,69,LA,286.0,G. Gonzalez-LA,G. Gonzalez-LA
213295,J. Lewis,Colorado Rapids,MID,7.1,22,0.28%,3.45,$94K,2,76,COL,80.0,J. Lewis-COL,J. Lewis-COL
82524,T. Bunbury,New England Revolution,FWD,6.2,32,0.23%,3.44,$57K,2,110,NE,74.0,T. Bunbury-NE,T. Bunbury-NE
101135,C. Cropper,New England Revolution,GK,4.5,7,0.09%,3.43,$188K,DNP,24,NE,671.0,C. Cropper-NE,C. Cropper-NE
177928,D. Lovitz,Montreal Impact,DEF,4,28,1.92%,3.43,$42K,DNP,96,MTL,333.0,D. Lovitz-MTL,D. Lovitz-MTL
110608,D. Mattocks,FC Cincinnati,FWD,5.7,21,0.11%,3.43,$80K,DNP,72,CIN,122.0,D. Mattocks-CIN,D. Mattocks-CIN
202356,T. Parker,New York Red Bulls,DEF,6.4,31,0.32%,3.42,$61K,1,106,NY,634.0,T. Parker-NY,T. Parker-RBNY
95280,V. Ulloa,FC Cincinnati,MID,6,26,0.34%,3.42,$68K,DNP,89,CIN,228.0,V. Ulloa-CIN,V. Ulloa-CIN
234345,C. Mueller,Orlando City SC,MID,4.1,29,0.71%,3.41,$42K,4,99,ORL,84.0,C. Mueller-ORL,C. Mueller-ORL
86140,R. Alessandrini,LA Galaxy,MID,9.5,5,0.08%,3.4,$559K,DNP,17,LA,391.0,R. Alessandrini-LA,R. Alessandrini-LA
122342,E. Hyndman,Atlanta United FC,MID,5.7,15,0.67%,3.4,$112K,2,51,ATL,215.0,E. Hyndman-ATL,E. Hyndman-ATL
196824,R. Zambrano,Portland Timbers,MID,5,10,1.65%,3.4,$148K,DNP,34,POR,384.0,R. Zambrano-POR,R. Zambrano-POR
83905,J. Agudelo,New England Revolution,MID,4.3,28,0.37%,3.39,$46K,1,95,NE,132.0,J. Agudelo-NE,J. Agudelo-NE
226025,M. Lopez,San Jose Earthquakes,DEF,5.9,18,0.14%,3.39,$97K,2,61,SJ,397.0,M. Lopez-SJ,M. Lopez-SJ
194187,S. Saucedo,Real Salt Lake,MID,4.7,26,0.78%,3.38,$54K,DNP,88,RSL,153.0,S. Saucedo-RSL,S. Saucedo-RSL
110583,E. Finlay,Minnesota United FC,MID,6,33,0.35%,3.36,$55K,2,111,MIN,49.0,E. Finlay-MIN,E. Finlay-MIN
175077,B. Tuiloma,Portland Timbers,DEF,5.7,25,1.30%,3.36,$68K,4,84,POR,303.0,B. Tuiloma-POR,B. Tuiloma-POR
219527,L. Caicedo,New England Revolution,MID,6.3,31,0.19%,3.35,$61K,0,104,NE,639.0,L. Caicedo-NE,L. Caicedo-NE
42584,L. Ciman,Toronto FC,DEF,5.1,17,0.45%,3.35,$90K,DNP,57,TOR,405.0,L. Ciman-TOR,L. Ciman-TOR
37748,B. Sagna,Montreal Impact,DEF,5.4,26,0.36%,3.35,$63K,10,87,MTL,212.0,B. Sagna-MTL,B. Sagna-MTL
52456,E. Room,Columbus Crew SC,GK,6,12,0.52%,3.33,$150K,4,40,CLB,669.0,E. Room-CLB,E. Room-CLB
202376,D. Badji,FC Dallas,FWD,5,28,0.22%,3.32,$54K,DNP,93,DAL,70.0,D. Badji-DAL,D. Badji-DAL
149694,A. Rodriguez,Minnesota United FC,FWD,5,28,0.12%,3.32,$54K,2,93,MIN,90.0,A. Rodriguez-MIN,A. Rodriguez-MIN
193906,K. Waston,FC Cincinnati,DEF,5.6,25,0.45%,3.32,$68K,2,83,CIN,301.0,K. Waston-CIN,K. Waston-CIN
225030,S. Mosquera,FC Dallas,MID,6,23,0.10%,3.3,$79K,12,76,DAL,131.0,S. Mosquera-DAL,S. Mosquera-DAL
92437,R. Teibert,Vancouver Whitecaps FC,MID,5.9,27,0.16%,3.3,$67K,3,89,VAN,315.0,R. Teibert-VAN,R. Teibert-VAN
163484,A. Bono,Toronto FC,GK,4.7,7,0.77%,3.29,$205K,DNP,23,TOR,674.0,A. Bono-TOR,A. Bono-TOR
227123,C. Burke,Philadelphia Union,FWD,7,7,0.04%,3.29,$305K,DNP,23,PHI,189.0,C. Burke-PHI,C. Burke-PHI
83274,T. Deric,Houston Dynamo,GK,5.2,7,0.15%,3.29,$227K,3,23,HOU,672.0,T. Deric-HOU,T. Deric-HOU
87984,N. Mezquida,Colorado Rapids,MID,4.9,32,0.27%,3.28,$47K,1,105,COL,98.0,N. Mezquida-COL,N. Mezquida-COL
132113,N. Hagglund,FC Cincinnati,DEF,4,22,4.59%,3.27,$56K,8,72,CIN,620.0,N. Hagglund-CIN,N. Hagglund-CIN
118230,S. O'Neill,Orlando City SC,DEF,5,11,0.07%,3.27,$139K,0,36,ORL,575.0,S. O'Neill-ORL,S. O'Neill-ORL
220877,D. Acosta,Orlando City SC,DEF,5.1,8,0.13%,3.25,$197K,DNP,26,ORL,350.0,D. Acosta-ORL,D. Acosta-ORL
28565,M. Mancienne,New England Revolution,DEF,5,16,0.14%,3.25,$97K,DNP,52,NE,276.0,M. Mancienne-NE,M. Mancienne-NE
433843,D. Traore,LA Galaxy,DEF,4.5,4,0.08%,3.25,$347K,DNP,13,LA,524.0,D. Traore-LA,D. Traore-LA
94368,J. Meram,Atlanta United FC,MID,6.4,29,0.68%,3.24,$69K,2,94,ATL,111.0,J. Meram-ATL,J. Meram-ATL
178386,B. Lennon,Real Salt Lake,DEF,5.7,28,0.48%,3.21,$64K,1,90,RSL,398.0,B. Lennon-RSL,B. Lennon-RSL
174109,N. Lima,San Jose Earthquakes,DEF,4.6,24,0.89%,3.21,$60K,2,77,SJ,232.0,N. Lima-SJ,N. Lima-SJ
220753,A. Muyl,New York Red Bulls,MID,5.3,24,0.11%,3.21,$69K,DNP,77,NY,121.0,A. Muyl-NY,A. Muyl-RBNY
197422,C. Baird,Real Salt Lake,FWD,5.9,31,0.47%,3.19,$60K,6,99,RSL,83.0,C. Baird-RSL,C. Baird-RSL
126174,D. Accam,Columbus Crew SC,MID,4.2,23,0.54%,3.17,$58K,1,73,CLB,67.0,D. Accam-CLB,D. Accam-CLB
163042,M. Azira,Chicago Fire,MID,4.4,23,0.12%,3.17,$61K,DNP,73,CHI,402.0,M. Azira-CHI,M. Azira-CHI
67502,A. Struna,Houston Dynamo,DEF,5.2,29,0.18%,3.17,$57K,5,92,HOU,373.0,A. Struna-HOU,A. Struna-HOU
122828,H. Villalba,Atlanta United FC,FWD,5.6,20,0.23%,3.15,$89K,1,63,ATL,209.0,H. Villalba-ATL,H. Villalba-ATL
244299,K. Parks,New York City FC,MID,6.2,22,0.13%,3.14,$90K,DNP,69,NYC,265.0,K. Parks-NYC,K. Parks-NYC
56812,F. Martins,D.C. United,MID,7,27,0.08%,3.11,$84K,5,84,DC,,F. Martins-DC,
246874,D. Mihailovic,Chicago Fire,MID,4.4,27,0.22%,3.11,$53K,1,84,CHI,128.0,D. Mihailovic-CHI,D. Mihailovic-CHI
234675,D. Jones,New England Revolution,DEF,5.6,20,0.07%,3.1,$91K,DNP,62,NE,467.0,D. Jones-NE,D. Jones-NSC
94934,H. Jimenez,Columbus Crew SC,DEF,4.9,23,0.09%,3.09,$70K,DNP,71,CLB,205.0,H. Jimenez-CLB,H. Jimenez-CLB
12875,D. Beasley,Houston Dynamo,DEF,5.2,12,0.79%,3.08,$141K,1,37,HOU,324.0,D. Beasley-HOU,D. Beasley-HOU
427637,B. Aaronson,Philadelphia Union,MID,4.8,28,0.31%,3.07,$56K,2,86,PHI,130.0,B. Aaronson-PHI,B. Aaronson-PHI
221403,R. Laryea,Toronto FC,DEF,4.7,20,0.17%,3.05,$78K,DNP,61,TOR,231.0,R. Laryea-TOR,R. Laryea-TOR
60490,D. Wilson,Colorado Rapids,MID,5.2,20,0.07%,3.05,$86K,DNP,61,COL,177.0,D. Wilson-COL,D. Wilson-COL
28580,L. Nguyen,Los Angeles Football Club,MID,5.8,23,0.42%,3.04,$83K,0,70,LAFC,312.0,L. Nguyen-LAFC,L. Nguyen-LAFC
149528,K. Acosta,Colorado Rapids,MID,4.5,31,0.45%,3,$49K,2,93,COL,170.0,K. Acosta-COL,K. Acosta-COL
27058,F. Affolter,San Jose Earthquakes,DEF,4.5,1,0.07%,3,"$1,500K",DNP,3,SJ,482.0,F. Affolter-SJ,F. Affolter-SJ
424659,F. Amaya,FC Cincinnati,MID,5.7,19,0.16%,3,$100K,DNP,57,CIN,635.0,F. Amaya-CIN,F. Amaya-CIN
185826,X. Arreaga,Seattle Sounders FC,DEF,5.8,14,0.09%,3,$139K,DNP,42,SEA,606.0,X. Arreaga-SEA,X. Arreaga-SEA
95272,W. Bruin,Seattle Sounders FC,FWD,5.5,9,0.22%,3,$204K,DNP,27,SEA,171.0,W. Bruin-SEA,W. Bruin-SEA
104369,Y. Croizet,Sporting Kansas City,MID,5.6,20,0.13%,3,$94K,DNP,60,SKC,127.0,Y. Croizet-SKC,Y. Croizet-SKC
152281,A. De John,Orlando City SC,DEF,4.3,6,0.05%,3,$239K,DNP,18,ORL,,A. De John-ORL,
228605,R. Edwards,Chicago Fire,DEF,5,4,0.10%,3,$417K,DNP,12,CHI,284.0,R. Edwards-CHI,R. Edwards-CHI
214832,N. Hamalainen,Los Angeles Football Club,DEF,4.5,3,0.03%,3,$500K,DNP,9,LAFC,341.0,N. Hamalainen-LAFC,N. Hamalainen-LFC
54980,D. Hoesen,San Jose Earthquakes,FWD,4.9,30,0.33%,3,$55K,1,90,SJ,88.0,D. Hoesen-SJ,D. Hoesen-SJ
153089,R. Ibarra,Minnesota United FC,FWD,7,8,0.04%,3,$292K,DNP,24,MIN,174.0,R. Ibarra-MIN,R. Ibarra-MIN
440251,D. Leyva,Seattle Sounders FC,MID,4.8,6,0.45%,3,$267K,DNP,18,SEA,594.0,D. Leyva-SEA,D. Leyva-SEA
226386,B. McDonough,Vancouver Whitecaps FC,DEF,4.1,1,0.19%,3,"$1,367K",DNP,3,VAN,,B. McDonough-VAN,
201401,M. McKenzie,Philadelphia Union,DEF,5.6,7,0.10%,3,$267K,3,21,PHI,,M. McKenzie-PHI,
445236,D. Palacios,Los Angeles Football Club,DEF,5.1,2,0.15%,3,$850K,1,6,LAFC,505.0,D. Palacios-LAFC,D. Palacios-LAFC
62839,T. Ricketts,Vancouver Whitecaps FC,FWD,5.8,8,0.07%,3,$242K,2,24,VAN,229.0,T. Ricketts-VAN,T. Ricketts-VAN
110618,A. Rose,Vancouver Whitecaps FC,MID,5.1,24,0.18%,3,$71K,2,72,VAN,259.0,A. Rose-VAN,A. Rose-VAN
63954,R. Schuller,Minnesota United FC,MID,6.1,15,0.10%,3,$136K,DNP,45,MIN,632.0,R. Schuller-MIN,R. Schuller-MIN
41679,C. Seitz,D.C. United,GK,4.5,1,0.10%,3,"$1,500K",DNP,3,DC,689.0,C. Seitz-DC,C. Seitz-DC
95236,Z. Valentin,Portland Timbers,DEF,5.9,21,0.24%,3,$94K,1,63,POR,576.0,Z. Valentin-POR,Z. Valentin-POR
89518,M. Deplagne,FC Cincinnati,DEF,5.3,33,0.92%,2.97,$55K,6,98,CIN,234.0,M. Deplagne-CIN,M. Deplagne-CIN
116700,L. Bertone,FC Cincinnati,MID,4.5,25,0.11%,2.96,$61K,2,74,CIN,236.0,L. Bertone-CIN,L. Bertone-CIN
424488,C. Bassett,Colorado Rapids,MID,4.5,20,1.44%,2.95,$77K,1,59,COL,164.0,C. Bassett-COL,C. Bassett-COL
117330,J. Corrales,Montreal Impact,DEF,4,19,0.76%,2.95,$72K,1,56,MTL,361.0,J. Corrales-MTL,J. Corrales-MTL
167227,J. Medina,New York City FC,MID,6.1,18,0.16%,2.94,$116K,1,53,NYC,124.0,J. Medina-NYC,J. Medina-NYC
248399,K. Miller,Orlando City SC,DEF,4.5,16,1.32%,2.94,$96K,0,47,ORL,538.0,K. Miller-ORL,K. Miller-ORL
234346,T. Barlow,New York Red Bulls,FWD,5.3,12,0.15%,2.92,$152K,DNP,35,NY,139.0,T. Barlow-NY,T. Barlow-RBNY
61559,A. Fontas,Sporting Kansas City,DEF,4.7,13,0.11%,2.92,$124K,DNP,38,SKC,577.0,A. Fontas-SKC,A. Fontas-SKC
178809,A. Ivan,New York Red Bulls,MID,5.1,12,0.02%,2.92,$146K,DNP,35,NY,233.0,A. Ivan-NY,A. Ivan-RBNY
224823,S. Vines,Colorado Rapids,DEF,5.9,26,0.16%,2.92,$78K,3,76,COL,599.0,S. Vines-COL,S. Vines-COL
425248,A. Keita,Columbus Crew SC,DEF,4.7,10,0.31%,2.9,$163K,DNP,29,CLB,570.0,A. Keita-CLB,A. Keita-CLB
18681,R. Lamah,FC Cincinnati,MID,4.6,28,0.17%,2.89,$57K,-2,81,CIN,221.0,R. Lamah-CIN,R. Lamah-CIN
183764,Robinho,Orlando City SC,MID,4,25,1.10%,2.88,$56K,DNP,72,ORL,,Robinho-ORL,
210475,U. Segura,D.C. United,MID,5.4,33,0.41%,2.88,$57K,2,95,DC,129.0,U. Segura-DC,U. Segura-DC
41703,S. Kljestan,Orlando City SC,MID,5.2,23,0.21%,2.87,$79K,6,66,ORL,217.0,S. Kljestan-ORL,S. Kljestan-ORL
181958,J. Cascante,Portland Timbers,DEF,6,22,0.19%,2.86,$96K,DNP,63,POR,399.0,J. Cascante-POR,J. Cascante-POR
151952,K. Manneh,FC Cincinnati,FWD,5.1,27,0.14%,2.85,$67K,DNP,77,CIN,103.0,K. Manneh-CIN,K. Manneh-CIN
245005,J. Nerwinski,Vancouver Whitecaps FC,DEF,4.2,26,0.34%,2.85,$57K,DNP,74,VAN,283.0,J. Nerwinski-VAN,J. Nerwinski-VAN
131371,S. Ibeagha,New York City FC,DEF,4.1,23,1.73%,2.83,$64K,1,65,NYC,573.0,S. Ibeagha-NYC,S. Ibeagha-NYC
43194,G. Mackay-Steven,New York City FC,MID,5.4,12,0.09%,2.83,$159K,DNP,34,NYC,263.0,G. Mackay-Steven-NYC,G. Mackay-Steven-NYC
60152,C. Pontius,LA Galaxy,MID,4.9,18,0.16%,2.83,$97K,DNP,51,LA,156.0,C. Pontius-LA,C. Pontius-LA
50105,R. Espinoza,Sporting Kansas City,MID,5.5,16,0.10%,2.81,$123K,DNP,45,SKC,320.0,R. Espinoza-SKC,R. Espinoza-SKC
202402,S. Abdul-Salaam,Seattle Sounders FC,DEF,4,18,0.64%,2.78,$80K,1,50,SEA,352.0,S. Abdul-Salaam-SEA,S. Abdul-Salaam-SEA
150276,J. Caicedo,New England Revolution,FWD,4.7,27,0.05%,2.78,$63K,1,75,NE,85.0,J. Caicedo-NE,J. Caicedo-NE
119575,R. Quioto,Houston Dynamo,FWD,6.8,18,0.10%,2.78,$136K,DNP,50,HOU,168.0,R. Quioto-HOU,R. Quioto-HOU
427168,G. Busio,Sporting Kansas City,MID,4.5,22,0.49%,2.77,$74K,2,61,SKC,137.0,G. Busio-SKC,G. Busio-SKC
211988,C. Durkin,D.C. United,MID,4.9,13,0.03%,2.77,$137K,DNP,36,DC,278.0,C. Durkin-DC,C. Durkin-DC
95284,D. Fagundez,New England Revolution,MID,5,25,0.10%,2.76,$73K,3,69,NE,158.0,D. Fagundez-NE,D. Fagundez-NE
201125,S. Santos,Philadelphia Union,FWD,5.6,17,0.10%,2.76,$120K,DNP,47,PHI,108.0,S. Santos-PHI,S. Santos-PHI
196762,F. Picault,Philadelphia Union,FWD,4.8,32,0.06%,2.75,$55K,2,88,PHI,102.0,F. Picault-PHI,F. Picault-PHI
105713,W. Zahibo,New England Revolution,MID,6.2,24,0.10%,2.75,$94K,4,66,NE,260.0,W. Zahibo-NE,W. Zahibo-NE
50067,B. Shea,Atlanta United FC,DEF,4.8,19,0.07%,2.74,$93K,DNP,52,ATL,394.0,B. Shea-ATL,B. Shea-ATL
110596,M. Ibarra,Minnesota United FC,MID,4.9,22,0.18%,2.73,$82K,DNP,60,MIN,235.0,M. Ibarra-MIN,M. Ibarra-MIN
163529,B. Sweat,New York City FC,DEF,5.3,18,0.42%,2.72,$109K,6,49,NYC,325.0,B. Sweat-NYC,B. Sweat-NYC
422981,L. Argudo,Columbus Crew SC,MID,5,21,0.09%,2.71,$88K,DNP,57,CLB,218.0,L. Argudo-CLB,L. Argudo-CLB
33823,R. Clark,Columbus Crew SC,MID,5,7,0.22%,2.71,$264K,DNP,19,CLB,608.0,R. Clark-CLB,R. Clark-CLB
221475,F. Herbers,Chicago Fire,MID,4.7,17,0.11%,2.71,$103K,5,46,CHI,134.0,F. Herbers-CHI,F. Herbers-CHI
117549,D. Ceren,Houston Dynamo,MID,4.9,13,0.05%,2.69,$140K,DNP,35,HOU,275.0,D. Ceren-HOU,D. Ceren-HOU
184610,A. Jackson-Hamel,Montreal Impact,FWD,5,16,0.12%,2.69,$117K,DNP,43,MTL,140.0,A. Jackson-Hamel-MTL,A. Jackson-Hamel-MTL
27678,S. Sutter,Vancouver Whitecaps FC,DEF,4,16,1.11%,2.69,$94K,DNP,43,VAN,281.0,S. Sutter-VAN,S. Sutter-VAN
242130,M. Farfan,Portland Timbers,DEF,4.5,3,0.04%,2.67,$563K,DNP,8,POR,435.0,M. Farfan-POR,M. Farfan-POR
113002,J. Hamilton,Columbus Crew SC,FWD,4,18,4.41%,2.67,$84K,1,48,CLB,110.0,J. Hamilton-CLB,J. Hamilton-CLB
90644,J. Kempin,Columbus Crew SC,GK,4.4,3,0.22%,2.67,$550K,DNP,8,CLB,685.0,J. Kempin-CLB,J. Kempin-CLB
244988,B. Bronico,Chicago Fire,MID,6,29,0.06%,2.66,$78K,6,77,CHI,213.0,B. Bronico-CHI,B. Bronico-CHI
202198,N. Besler,Real Salt Lake,MID,4.5,17,0.07%,2.65,$100K,DNP,45,RSL,222.0,N. Besler-RSL,N. Besler-RSL
210151,D. Wynne,Colorado Rapids,DEF,4.5,11,0.03%,2.64,$156K,DNP,29,COL,419.0,D. Wynne-COL,D. Wynne-COL
109326,Marcelo,Chicago Fire,DEF,4.1,16,0.13%,2.63,$98K,DNP,42,CHI,,Marcelo-CHI,
41556,B. Knighton,New England Revolution,GK,4.9,8,0.18%,2.63,$234K,DNP,21,NE,675.0,B. Knighton-NE,B. Knighton-NE
77756,D. Guzman,Columbus Crew SC,MID,4.4,21,0.15%,2.62,$80K,DNP,55,CLB,414.0,D. Guzman-CLB,D. Guzman-CLB
153264,A. Powell,FC Cincinnati,DEF,4.6,13,0.11%,2.62,$136K,DNP,34,CIN,615.0,A. Powell-CIN,A. Powell-CIN
60214,A. DeLaGarza,Houston Dynamo,DEF,4,23,1.12%,2.61,$67K,DNP,60,HOU,,A. DeLaGarza-HOU,
98925,A. Flores,Portland Timbers,MID,5.3,15,0.09%,2.6,$136K,DNP,39,POR,396.0,A. Flores-POR,A. Flores-POR
106519,L. Olum,Minnesota United FC,MID,4.8,10,0.23%,2.6,$185K,DNP,26,MIN,362.0,L. Olum-MIN,L. Olum-MIN
477838,J. Shaffelburg,Toronto FC,MID,4,10,0.65%,2.6,$154K,DNP,26,TOR,407.0,J. Shaffelburg-TOR,J. Shaffelburg-TOR
111536,K. Garcia,Houston Dynamo,DEF,4,12,0.73%,2.58,$130K,DNP,31,HOU,533.0,K. Garcia-HOU,K. Garcia-HOU
423568,A. Roldan,Seattle Sounders FC,MID,4.1,9,0.18%,2.56,$179K,DNP,23,SEA,374.0,A. Roldan-SEA,A. Roldan-SEA
151949,E. Zavaleta,Toronto FC,DEF,4.2,16,0.13%,2.56,$103K,DNP,41,TOR,603.0,E. Zavaleta-TOR,E. Zavaleta-TOR
164480,E. Miller,New York City FC,DEF,4,11,0.48%,2.55,$143K,DNP,28,NYC,584.0,E. Miller-NYC,E. Miller-NYC
86879,H. Novillo,Montreal Impact,FWD,6.3,11,0.01%,2.55,$225K,DNP,28,MTL,230.0,H. Novillo-MTL,H. Novillo-MTL
474169,S. Patiño,Orlando City SC,FWD,4.1,11,0.13%,2.55,$147K,DNP,28,ORL,175.0,S. Patiño-ORL,S. Patiño-ORL
151953,E. Hurtado,Sporting Kansas City,FWD,4.3,13,0.18%,2.54,$131K,1,33,SKC,191.0,E. Hurtado-SKC,E. Hurtado-SKC
18770,B. Wright-Phillips,New York Red Bulls,FWD,5,24,0.33%,2.54,$82K,1,61,NY,152.0,B. Wright-Phillips-NY,B. Wright-Phillips-RBNY
421350,T. Bair,Vancouver Whitecaps FC,FWD,4.9,17,1.75%,2.53,$114K,2,43,VAN,162.0,T. Bair-VAN,T. Bair-VAN
110954,M. El-Munir,Los Angeles Football Club,DEF,4.2,15,0.18%,2.53,$111K,DNP,38,LAFC,295.0,M. El-Munir-LAFC,M. El-Munir-LAFC
179298,A. Polo,Portland Timbers,MID,5,19,0.19%,2.53,$105K,3,48,POR,411.0,A. Polo-POR,A. Polo-POR
165072,J. Delem,Seattle Sounders FC,MID,4.1,23,0.05%,2.52,$71K,1,58,SEA,381.0,J. Delem-SEA,J. Delem-SEA
82518,E. Alexander,FC Dallas,MID,4.9,6,0.07%,2.5,$327K,DNP,15,DAL,344.0,E. Alexander-DAL,E. Alexander-DAL
436893,J. Araujo,LA Galaxy,DEF,4,18,0.34%,2.5,$89K,1,45,LA,386.0,J. Araujo-LA,J. Araujo-LA
118377,M. Pedroso,D.C. United,DEF,4.7,6,0.06%,2.5,$314K,DNP,15,DC,593.0,M. Pedroso-DC,M. Pedroso-DC
247675,P. Vassell,Los Angeles Football Club,MID,4.7,4,0.05%,2.5,$470K,DNP,10,LAFC,378.0,P. Vassell-LAFC,P. Vassell-LAFC
186742,L. Venuto,Vancouver Whitecaps FC,MID,5.1,22,0.02%,2.5,$93K,DNP,55,VAN,133.0,L. Venuto-VAN,L. Venuto-VAN
204254,O. Fernandez,New York Red Bulls,MID,4,18,0.29%,2.44,$91K,1,44,NY,163.0,O. Fernandez-NY,O. Fernandez-RBNY
41551,J. Larentowicz,Atlanta United FC,MID,4.6,27,0.22%,2.41,$71K,3,65,ATL,406.0,J. Larentowicz-ATL,J. Larentowicz-ATL
212020,T. Rocha,New York City FC,DEF,4.4,17,0.08%,2.41,$108K,DNP,41,NYC,359.0,T. Rocha-NYC,T. Rocha-NYC
225062,S. Shome,Montreal Impact,MID,4,27,0.24%,2.41,$62K,1,65,MTL,245.0,S. Shome-MTL,S. Shome-MTL
204556,E. Gallardo,Toronto FC,MID,5.9,5,0.04%,2.4,$492K,DNP,12,TOR,368.0,E. Gallardo-TOR,E. Gallardo-TOR
108839,R. Lod,Minnesota United FC,MID,5.3,10,0.04%,2.4,$221K,1,24,MIN,631.0,R. Lod-MIN,R. Lod-MIN
107617,L. Martins,Sporting Kansas City,DEF,4.3,10,0.09%,2.4,$180K,0,24,SKC,609.0,L. Martins-SKC,L. Martins-SKC
149675,D. Asprilla,Portland Timbers,MID,4.3,13,0.53%,2.38,$139K,12,31,POR,180.0,D. Asprilla-POR,D. Asprilla-POR
226309,J. Hayes,FC Dallas,MID,4,19,0.83%,2.37,$89K,1,45,DAL,330.0,J. Hayes-DAL,J. Hayes-DAL
247622,M. Loria,Portland Timbers,MID,4,19,0.70%,2.37,$89K,0,45,POR,179.0,M. Loria-POR,M. Loria-POR
247671,M. Freese,Philadelphia Union,GK,4,6,4.67%,2.33,$286K,DNP,14,PHI,677.0,M. Freese-PHI,M. Freese-PHI
88147,N. Hasler,Sporting Kansas City,DEF,4,12,1.52%,2.33,$143K,DNP,28,SKC,363.0,N. Hasler-SKC,N. Hasler-SKC
176404,T. McCabe,FC Cincinnati,MID,4.4,3,0.05%,2.33,$629K,1,7,CIN,,T. McCabe-CIN,
20491,C. McCann,D.C. United,DEF,4.4,6,0.09%,2.33,$315K,DNP,14,DC,,C. McCann-DC,
447202,B. Rodriguez,Los Angeles Football Club,FWD,6.4,7,0.17%,2.29,$400K,2,16,LAFC,636.0,B. Rodriguez-LAFC,B. Rodriguez-LAFC
215474,A. Akinola,Toronto FC,FWD,4.3,8,0.22%,2.25,$239K,DNP,18,TOR,244.0,A. Akinola-TOR,A. Akinola-TOR
242216,V. Bezecourt,New York Red Bulls,MID,4.7,8,0.03%,2.25,$262K,DNP,18,NY,404.0,V. Bezecourt-NY,V. Bezecourt-RBNY
98918,R. Zelaya,Los Angeles Football Club,FWD,4.8,4,0.11%,2.25,$534K,DNP,9,LAFC,282.0,R. Zelaya-LAFC,R. Zelaya-LAFC
112998,J. Chapman,Toronto FC,MID,4.8,17,0.06%,2.24,$127K,DNP,38,TOR,161.0,J. Chapman-TOR,J. Chapman-TOR
164477,C. Stanko,FC Cincinnati,MID,4.3,23,0.02%,2.22,$85K,2,51,CIN,604.0,C. Stanko-CIN,C. Stanko-CIN
168365,E. Boateng,D.C. United,MID,4,24,0.59%,2.21,$76K,DNP,53,DC,262.0,E. Boateng-DC,E. Boateng-DC
424622,T. Buchanan,New England Revolution,MID,4.5,10,0.13%,2.2,$205K,DNP,22,NE,332.0,T. Buchanan-NE,T. Buchanan-NE
151955,S. Caldwell,New England Revolution,MID,4,20,0.51%,2.2,$91K,DNP,44,NE,369.0,S. Caldwell-NE,S. Caldwell-NE
131839,J. Robinson,D.C. United,DEF,4,10,0.39%,2.2,$182K,DNP,22,DC,532.0,J. Robinson-DC,J. Robinson-DC
220752,D. Etienne Jr.,FC Cincinnati,MID,4,16,0.30%,2.19,$115K,DNP,35,CIN,,D. Etienne Jr.-CIN,
201913,P. Aranguiz,FC Dallas,MID,6.5,11,0.03%,2.18,$271K,DNP,24,DAL,623.0,P. Aranguiz-DAL,P. Aranguiz-DAL
95611,J. Bendik,Philadelphia Union,GK,4.4,6,0.22%,2.17,$339K,DNP,13,PHI,676.0,J. Bendik-PHI,J. Bendik-PHI
477535,S. Nealis,New York Red Bulls,DEF,4.7,6,0.05%,2.17,$362K,DNP,13,NY,237.0,S. Nealis-NY,S. Nealis-RBNY
176415,J. Perez,Los Angeles Football Club,MID,4.9,13,0.07%,2.15,$175K,DNP,28,LAFC,531.0,J. Perez-LAFC,J. Perez-LAFC
213866,D. Salloi,Sporting Kansas City,MID,5.1,28,0.25%,2.14,$85K,1,60,SKC,270.0,D. Salloi-SKC,D. Salloi-SKC
218552,T. Conechny,Portland Timbers,MID,4.9,16,0.05%,2.13,$145K,DNP,34,POR,211.0,T. Conechny-POR,T. Conechny-POR
234219,J. Gutjahr,Chicago Fire,DEF,4,8,0.20%,2.13,$236K,DNP,17,CHI,348.0,J. Gutjahr-CHI,J. Gutjahr-CHI
177930,T. McNamara,Houston Dynamo,MID,4.4,33,0.08%,2.12,$63K,1,70,HOU,,T. McNamara-HOU,
170843,PC,Vancouver Whitecaps FC,MID,4,18,0.54%,2.11,$106K,DNP,38,VAN,,PC-VAN,
110619,K. Rowe,Real Salt Lake,MID,4.9,18,0.08%,2.11,$129K,1,38,RSL,338.0,K. Rowe-RSL,K. Rowe-RSL
227733,K. Smith,Orlando City SC,DEF,4.5,23,0.05%,2.09,$94K,-1,48,ORL,607.0,K. Smith-ORL,K. Smith-ORL
151954,D. Serna,Colorado Rapids,MID,4.3,14,0.04%,2.07,$149K,DNP,29,COL,389.0,D. Serna-COL,D. Serna-COL
95786,L. Bangoura,Vancouver Whitecaps FC,MID,4.8,17,0.01%,2.06,$138K,DNP,35,VAN,250.0,L. Bangoura-VAN,L. Bangoura-VAN
425625,M. Choiniere,Montreal Impact,MID,4.4,17,0.04%,2.06,$126K,DNP,35,MTL,387.0,M. Choiniere-MTL,M. Choiniere-MTL
16248,J. Hoyte,FC Cincinnati,DEF,4,17,1.97%,2.06,$115K,DNP,35,CIN,580.0,J. Hoyte-CIN,J. Hoyte-CIN
244410,N. Tolo,Seattle Sounders FC,DEF,4.6,22,0.12%,2.05,$103K,DNP,45,SEA,600.0,N. Tolo-SEA,N. Tolo-SEA
95186,F. Adi,FC Cincinnati,FWD,7,12,0.07%,2,$292K,DNP,24,CIN,302.0,F. Adi-CIN,F. Adi-CIN
224430,E. Alvarez,LA Galaxy,MID,4.1,14,0.30%,2,$147K,DNP,28,LA,318.0,E. Alvarez-LA,E. Alvarez-LA
425622,C. Bayiha,Montreal Impact,MID,4,11,1.80%,2,$182K,DNP,22,MTL,357.0,C. Bayiha-MTL,C. Bayiha-MTL
243974,H. Bwana,Seattle Sounders FC,MID,4.2,15,0.04%,2,$140K,DNP,30,SEA,248.0,H. Bwana-SEA,H. Bwana-SEA
234406,A. Crognale,Columbus Crew SC,DEF,4,12,0.44%,2,$167K,DNP,24,CLB,370.0,A. Crognale-CLB,A. Crognale-CLB
131840,C. Duvall,Houston Dynamo,DEF,4.9,1,0.03%,2,"$2,450K",DNP,2,HOU,492.0,C. Duvall-HOU,C. Duvall-HOU
201397,A. Fontana,Philadelphia Union,MID,4.1,8,0.05%,2,$257K,1,16,PHI,239.0,A. Fontana-PHI,A. Fontana-PHI
204843,M. Jadama,Portland Timbers,DEF,4,1,0.39%,2,"$2,000K",DNP,2,POR,418.0,M. Jadama-POR,M. Jadama-POR
60536,D. Jakovic,Los Angeles Football Club,DEF,4.2,3,0.08%,2,$700K,DNP,6,LAFC,478.0,D. Jakovic-LAFC,D. Jakovic-LAFC
425640,D. Kinumbe,Montreal Impact,DEF,4,1,0.91%,2,"$2,000K",DNP,2,MTL,508.0,D. Kinumbe-MTL,D. Kinumbe-MTL
110118,M. Lampson,LA Galaxy,GK,4.4,1,0.08%,2,"$2,200K",DNP,2,LA,687.0,M. Lampson-LA,M. Lampson-LA
248436,D. Martinez,Real Salt Lake,FWD,4.9,1,0.01%,2,"$2,450K",DNP,2,RSL,539.0,D. Martinez-RSL,D. Martinez-RSL
220150,J. Rennicks,New England Revolution,FWD,4.9,2,0.05%,2,"$1,225K",DNP,4,NE,581.0,J. Rennicks-NE,J. Rennicks-NE
426630,T. Roberts,FC Dallas,MID,4.5,6,0.05%,2,$375K,DNP,12,DAL,572.0,T. Roberts-DAL,T. Roberts-DAL
234410,A. Sejdic,Montreal Impact,MID,4.4,1,0.03%,2,"$2,200K",DNP,2,MTL,465.0,A. Sejdic-MTL,A. Sejdic-MTL
436107,G. Yow,D.C. United,MID,4,1,1.08%,2,"$2,000K",DNP,2,DC,525.0,G. Yow-DC,G. Yow-DC
423511,R. Dally,FC Cincinnati,FWD,4,12,0.66%,1.92,$174K,DNP,23,CIN,293.0,R. Dally-CIN,R. Dally-CIN
234764,K. Krolicki,Montreal Impact,MID,4,10,0.77%,1.9,$211K,DNP,19,MTL,554.0,K. Krolicki-MTL,K. Krolicki-MTL
200784,J. Nelson,FC Dallas,DEF,4,9,0.99%,1.89,$236K,DNP,17,DAL,548.0,J. Nelson-DAL,J. Nelson-DAL
202195,A. Danladi,Minnesota United FC,FWD,4,24,0.64%,1.88,$89K,DNP,45,MIN,167.0,A. Danladi-MIN,A. Danladi-MIN
111253,J. Gyau,FC Cincinnati,MID,4.4,8,0.04%,1.88,$294K,-2,15,CIN,408.0,J. Gyau-CIN,J. Gyau-CIN
149669,J. Cabezas,Houston Dynamo,MID,5.3,15,0.03%,1.87,$190K,DNP,28,HOU,274.0,J. Cabezas-HOU,J. Cabezas-HOU
243532,D. Pereira,Atlanta United FC,MID,4,18,0.20%,1.83,$122K,DNP,33,ATL,366.0,D. Pereira-ATL,D. Pereira-ATL
163482,F. Alashe,FC Cincinnati,MID,4,11,0.18%,1.82,$200K,3,20,CIN,290.0,F. Alashe-CIN,F. Alashe-CIN
116661,P. Mullins,Toronto FC,FWD,4.6,17,0.26%,1.82,$149K,1,31,TOR,190.0,P. Mullins-TOR,P. Mullins-TOR
185317,J. Bizama,Houston Dynamo,DEF,4.3,5,0.02%,1.8,$478K,4,9,HOU,358.0,J. Bizama-HOU,J. Bizama-HOU
234226,R. Buckmaster,New York Red Bulls,DEF,4,5,0.12%,1.8,$445K,DNP,9,NY,553.0,R. Buckmaster-NY,R. Buckmaster-RBNY
61126,D. da Silva,Los Angeles Football Club,DEF,4.4,5,0.12%,1.8,$489K,DNP,9,LAFC,,D. da Silva-LAFC,
212029,J. Dhillon,Seattle Sounders FC,FWD,4,5,0.12%,1.8,$445K,DNP,9,SEA,613.0,J. Dhillon-SEA,J. Dhillon-SEA
200735,M. Adams,Atlanta United FC,MID,4.3,14,0.05%,1.79,$172K,DNP,25,ATL,238.0,M. Adams-ATL,M. Adams-ATL
20962,Z. Stieber,D.C. United,MID,5.8,9,0.02%,1.78,$363K,DNP,16,DC,579.0,Z. Stieber-DC,Z. Stieber-DC
186262,R. Williams,Columbus Crew SC,FWD,4,9,0.18%,1.78,$250K,DNP,16,CLB,285.0,R. Williams-CLB,R. Williams-CLB
158870,G. Zelalem,Sporting Kansas City,MID,4.7,9,0.08%,1.78,$294K,DNP,16,SKC,585.0,G. Zelalem-SKC,G. Zelalem-SKC
217788,J. Colman,Orlando City SC,MID,5.5,8,0.00%,1.75,$393K,DNP,14,ORL,371.0,J. Colman-ORL,J. Colman-ORL
201360,A. Horta,Los Angeles Football Club,MID,6.3,4,0.00%,1.75,$900K,DNP,7,LAFC,587.0,A. Horta-LAFC,A. Horta-LFC
234193,G. Lillard,Chicago Fire,DEF,4,4,0.06%,1.75,$572K,DNP,7,CHI,542.0,G. Lillard-CHI,G. Lillard-CHI
179062,E. Sosa,Columbus Crew SC,MID,4.4,8,0.05%,1.75,$315K,DNP,14,CLB,385.0,E. Sosa-CLB,E. Sosa-CLB
112973,A. Wooten,Philadelphia Union,FWD,5.9,7,0.03%,1.71,$492K,2,12,PHI,377.0,A. Wooten-PHI,A. Wooten-PHI
426582,S. Anderson,Colorado Rapids,DEF,4,6,0.71%,1.67,$400K,DNP,10,COL,273.0,S. Anderson-COL,S. Anderson-COL
423062,P. Marie,San Jose Earthquakes,DEF,4,9,0.30%,1.67,$267K,DNP,15,SJ,379.0,P. Marie-SJ,P. Marie-SJ
234432,C. Odoi-Atsem,D.C. United,DEF,4.2,3,0.04%,1.67,$840K,DNP,5,DC,437.0,C. Odoi-Atsem-DC,C. Odoi-Atsem-DC
201405,M. Real,Philadelphia Union,DEF,4,3,0.06%,1.67,$800K,1,5,PHI,353.0,M. Real-PHI,M. Real-PHI
198532,H. Wingo,Seattle Sounders FC,MID,4.7,6,0.07%,1.67,$470K,DNP,10,SEA,586.0,H. Wingo-SEA,H. Wingo-SEA
55111,A. Rios,San Jose Earthquakes,FWD,5,10,0.02%,1.6,$313K,0,16,SJ,277.0,A. Rios-SJ,A. Rios-SJ
110624,L. Silva,Seattle Sounders FC,FWD,4.5,5,0.01%,1.6,$563K,1,8,SEA,624.0,L. Silva-SEA,L. Silva-SEA
102224,C. Fierro,San Jose Earthquakes,MID,5.4,7,0.04%,1.57,$491K,DNP,11,SJ,611.0,C. Fierro-SJ,C. Fierro-SJ
474153,E. Cuello,LA Galaxy,MID,4.1,9,0.07%,1.56,$293K,DNP,14,LA,356.0,E. Cuello-LA,E. Cuello-LA
95630,A. Morgan,Toronto FC,DEF,4,9,0.10%,1.56,$286K,DNP,14,TOR,271.0,A. Morgan-TOR,A. Morgan-TOR
110575,W. Creavalle,Philadelphia Union,MID,4,13,0.10%,1.54,$200K,DNP,20,PHI,345.0,W. Creavalle-PHI,W. Creavalle-PHI
170788,E. Cecchini,Seattle Sounders FC,MID,5.3,4,0.04%,1.5,$884K,DNP,6,SEA,552.0,E. Cecchini-SEA,E. Cecchini-SEA
445140,T. Chacon,Minnesota United FC,MID,6.7,2,0.02%,1.5,"$2,234K",DNP,3,MIN,569.0,T. Chacon-MIN,T. Chacon-MIN
177954,M. Hairston,Houston Dynamo,MID,4.5,12,0.07%,1.5,$250K,DNP,18,HOU,605.0,M. Hairston-HOU,M. Hairston-HOU
247682,F. Hernandez,Sporting Kansas City,MID,4,2,0.05%,1.5,"$1,334K",2,3,SKC,540.0,F. Hernandez-SKC,F. Hernandez-SKC
95278,J. Plata,Real Salt Lake,MID,4.5,17,0.12%,1.47,$180K,DNP,25,RSL,296.0,J. Plata-RSL,J. Plata-RSL
423069,J. Williams,Columbus Crew SC,FWD,4,7,0.32%,1.43,$400K,DNP,10,CLB,614.0,J. Williams-CLB,J. Williams-CLB
234420,E. Williamson,Portland Timbers,MID,4,7,0.18%,1.43,$400K,DNP,10,POR,589.0,E. Williamson-POR,E. Williamson-POR
451489,A. Perez,Los Angeles Football Club,MID,4,12,0.20%,1.42,$236K,DNP,17,LAFC,288.0,A. Perez-LAFC,A. Perez-LAFC
443517,D. Campos,Chicago Fire,DEF,4,10,0.26%,1.4,$286K,DNP,14,CHI,571.0,D. Campos-CHI,D. Campos-CHI
234214,A. Gutman,FC Cincinnati,DEF,4,8,0.15%,1.38,$364K,1,11,CIN,365.0,A. Gutman-CIN,A. Gutman-CIN
60225,Q. Amarikwa,D.C. United,FWD,4,23,0.84%,1.35,$130K,2,31,DC,261.0,Q. Amarikwa-DC,Q. Amarikwa-DC
82844,C. Bone,FC Cincinnati,MID,4.3,6,0.07%,1.33,$538K,DNP,8,CIN,477.0,C. Bone-CIN,C. Bone-CIN
245020,M. Epps,New York Red Bulls,MID,5,3,0.03%,1.33,"$1,250K",DNP,4,NY,555.0,M. Epps-NY,M. Epps-RBNY
429428,A. Ocampo-Chavez,Seattle Sounders FC,FWD,4,3,0.33%,1.33,"$1,000K",DNP,4,SEA,526.0,A. Ocampo-Chavez-SEA,A. Ocampo-Chavez-SEA
95259,S. Carrasco,LA Galaxy,MID,4,16,0.77%,1.31,$191K,DNP,21,LA,489.0,S. Carrasco-LA,S. Carrasco-LA
169013,J. Medranda,Sporting Kansas City,DEF,4,10,0.16%,1.3,$308K,0,13,SKC,388.0,J. Medranda-SKC,J. Medranda-SKC
223353,B. Reynolds,FC Dallas,DEF,4,10,3.11%,1.3,$308K,DNP,13,DAL,349.0,B. Reynolds-DAL,B. Reynolds-DAL
177984,J. Portillo,Real Salt Lake,MID,4.2,4,0.07%,1.25,$840K,DNP,5,RSL,544.0,J. Portillo-RSL,J. Portillo-RSL
225063,B. Tabla,Montreal Impact,MID,5.3,4,0.01%,1.25,"$1,060K",DNP,5,MTL,557.0,B. Tabla-MTL,B. Tabla-MTL
107941,T. Boyd,Toronto FC,FWD,5.1,11,0.03%,1.18,$393K,DNP,13,TOR,592.0,T. Boyd-TOR,T. Boyd-TOR
423559,T. Schmitt,Real Salt Lake,FWD,4,6,0.31%,1.17,$572K,DNP,7,RSL,447.0,T. Schmitt-RSL,T. Schmitt-RSL
244998,N. Hansen,Houston Dynamo,MID,4,13,0.09%,1.15,$267K,DNP,15,HOU,541.0,N. Hansen-HOU,N. Hansen-HOU
148707,A. Moreno,Chicago Fire,MID,4,7,0.21%,1.14,$500K,DNP,8,CHI,610.0,A. Moreno-CHI,A. Moreno-CHI
439742,R. Pepi,FC Dallas,FWD,4,7,0.19%,1.14,$500K,1,8,DAL,528.0,R. Pepi-DAL,R. Pepi-DAL
202407,A. Sjöberg,Colorado Rapids,DEF,4.3,7,0.07%,1.14,$538K,DNP,8,COL,601.0,A. Sjöberg-COL,A. Sjöberg-COL
244709,J. Ardaiz,Vancouver Whitecaps FC,FWD,4.1,16,0.09%,1.13,$228K,DNP,18,VAN,628.0,J. Ardaiz-VAN,J. Ardaiz-VAN
141538,N. Albadawi,FC Cincinnati,MID,5,1,0.04%,1,"$5,000K",DNP,1,CIN,497.0,N. Albadawi-CIN,N. Albadawi-CIN
132000,Fabinho,Philadelphia Union,DEF,4.3,1,0.09%,1,"$4,300K",DNP,1,PHI,,Fabinho-PHI,
223355,L. Arriaga,Real Salt Lake,MID,4,2,4.34%,1,"$2,000K",DNP,2,RSL,472.0,L. Arriaga-RSL,L. Arriaga-RSL
213700,D. Bedoya,New York City FC,MID,4.3,1,0.09%,1,"$4,300K",DNP,1,NYC,468.0,D. Bedoya-NYC,D. Bedoya-NYC
200786,E. Calvillo,San Jose Earthquakes,MID,5,2,0.04%,1,"$2,500K",DNP,2,SJ,421.0,E. Calvillo-SJ,E. Calvillo-SJ
220142,A. Carleton,Atlanta United FC,MID,4.5,3,0.02%,1,"$1,500K",DNP,3,ATL,536.0,A. Carleton-ATL,A. Carleton-ATL
423406,E. Dick,Sporting Kansas City,GK,4,1,2.21%,1,"$4,000K",1,1,SKC,688.0,E. Dick-SKC,E. Dick-SKC
424474,G. Dorsey,Toronto FC,MID,4.3,1,0.03%,1,"$4,300K",DNP,1,TOR,518.0,G. Dorsey-TOR,G. Dorsey-TOR
426120,G. Fuentes,San Jose Earthquakes,MID,4.3,1,0.04%,1,"$4,300K",DNP,1,SJ,510.0,G. Fuentes-SJ,G. Fuentes-SJ
87337,E. Gyasi,FC Dallas,MID,5.8,4,0.02%,1,"$1,450K",DNP,4,DAL,566.0,E. Gyasi-DAL,E. Gyasi-DAL
427396,J. Haak,New York City FC,MID,4,3,0.92%,1,"$1,334K",DNP,3,NYC,514.0,J. Haak-NYC,J. Haak-NYC
474177,S. Haji,San Jose Earthquakes,MID,4.5,1,0.00%,1,"$4,500K",DNP,1,SJ,498.0,S. Haji-SJ,S. Haji-SJ
249537,N. Jackson,Colorado Rapids,FWD,4.4,4,0.10%,1,"$1,100K",DNP,4,COL,556.0,N. Jackson-COL,N. Jackson-COL
230802,D. Jones,Philadelphia Union,MID,5,2,0.01%,1,"$2,500K",DNP,2,PHI,467.0,D. Jones-PHI,D. Jones-NSC
66857,K. Kratz,Atlanta United FC,MID,5,1,0.08%,1,"$5,000K",DNP,1,ATL,475.0,K. Kratz-ATL,K. Kratz-ATL
198572,F. Langsdorf,Portland Timbers,FWD,4,2,0.85%,1,"$2,000K",DNP,2,POR,426.0,F. Langsdorf-POR,F. Langsdorf-POR
231573,B. Levis,Vancouver Whitecaps FC,DEF,4,9,0.14%,1,$445K,DNP,9,VAN,537.0,B. Levis-VAN,B. Levis-VAN
226637,C. Martinez,Chicago Fire,MID,5,5,0.04%,1,"$1,000K",DNP,5,CHI,582.0,C. Martinez-CHI,C. Martinez-CHI
111750,L. Melano,Portland Timbers,FWD,5.2,8,0.03%,1,$650K,DNP,8,POR,567.0,L. Melano-POR,L. Melano-POR
424258,G. Mukumbilwa,Vancouver Whitecaps FC,DEF,4,1,0.19%,1,"$4,000K",1,1,VAN,516.0,G. Mukumbilwa-VAN,G. Mukumbilwa-VAN
153453,L. Mulholland,Real Salt Lake,MID,5.2,1,0.03%,1,"$5,200K",DNP,1,RSL,428.0,L. Mulholland-RSL,L. Mulholland-RSL
449686,M. Ngalina,Philadelphia Union,FWD,5,1,0.05%,1,"$5,000K",DNP,1,PHI,504.0,M. Ngalina-PHI,M. Ngalina-PHI
151935,K. Opare,Colorado Rapids,DEF,4.5,3,0.04%,1,"$1,500K",DNP,3,COL,550.0,K. Opare-COL,K. Opare-COL
423553,K. Partida,San Jose Earthquakes,DEF,4,1,0.22%,1,"$4,000K",DNP,1,SJ,446.0,K. Partida-SJ,K. Partida-SJ
474174,J. Perez,Los Angeles Football Club,MID,4,1,0.57%,1,"$4,000K",DNP,1,LAFC,531.0,J. Perez-LAFC,J. Perez-LAFC
219603,A. Rwatubyaye,Colorado Rapids,DEF,4,2,0.40%,1,"$2,000K",DNP,2,COL,558.0,A. Rwatubyaye-COL,A. Rwatubyaye-COL
165096,M. Salazar,Houston Dynamo,FWD,4,7,0.53%,1,$572K,DNP,7,HOU,546.0,M. Salazar-HOU,M. Salazar-HOU
424432,J. Torres,New York City FC,MID,4.3,1,0.06%,1,"$4,300K",DNP,1,NYC,517.0,J. Torres-NYC,J. Torres-NYC
443009,E. Twumasi,FC Dallas,MID,4.5,2,0.04%,1,"$2,250K",DNP,2,DAL,527.0,E. Twumasi-DAL,E. Twumasi-DAL
82521,J. Vitor Junior,LA Galaxy,MID,5,2,0.08%,1,"$2,500K",DNP,2,LA,,J. Vitor Junior-LA,
60153,R. Wallace,Sporting Kansas City,DEF,4,1,1.70%,1,"$4,000K",DNP,1,SKC,479.0,R. Wallace-SKC,R. Wallace-SKC
474162,A. Ward,D.C. United,DEF,4.5,1,0.01%,1,"$4,500K",DNP,1,DC,502.0,A. Ward-DC,A. Ward-DC
180233,B. Wright,New England Revolution,FWD,5,2,0.12%,1,"$2,500K",DNP,2,NE,423.0,B. Wright-NE,B. Wright-NE
243943,E. Zubak,LA Galaxy,FWD,4.3,3,0.08%,1,"$1,434K",DNP,3,LA,583.0,E. Zubak-LA,E. Zubak-LA
447810,M. Jorgensen,New York Red Bulls,FWD,6,5,0.07%,0.8,"$1,500K",DNP,4,NY,595.0,M. Jorgensen-NY,M. Jorgensen-RBNY
135297,M. Ambrose,Atlanta United FC,DEF,4.1,4,0.05%,0.75,"$1,367K",DNP,3,ATL,496.0,M. Ambrose-ATL,M. Ambrose-ATL
178799,R. Peña,Houston Dynamo,FWD,4,4,0.25%,0.75,"$1,334K",DNP,3,HOU,551.0,R. Peña-HOU,R. Peña-HOU
107978,J. Blomberg,Colorado Rapids,MID,5.5,3,0.02%,0.67,"$2,750K",DNP,2,COL,565.0,J. Blomberg-COL,J. Blomberg-COL
223215,L. Felipe,San Jose Earthquakes,MID,4.4,3,0.03%,0.67,"$2,200K",DNP,2,SJ,473.0,L. Felipe-SJ,L. Felipe-SJ
203478,A. Abang,New York Red Bulls,FWD,5.5,0,0.00%,0,"$5,500K",DNP,0,NY,,A. Abang-NY,
116185,Nana,Colorado Rapids,MID,5,0,0.02%,0,"$5,000K",DNP,0,COL,,Nana-COL,
426106,J. Akanyirige,San Jose Earthquakes,DEF,4,0,0.18%,0,"$4,000K",DNP,0,SJ,509.0,J. Akanyirige-SJ,J. Akanyirige-SJ
177980,J. Allen,Real Salt Lake,MID,5,0,0.01%,0,"$5,000K",DNP,0,RSL,,J. Allen-RSL,
110557,R. Allen,Philadelphia Union,DEF,4.5,0,0.02%,0,"$4,500K",DNP,0,PHI,487.0,R. Allen-PHI,R. Allen-PHI
474183,F. Amaya,FC Cincinnati,MID,5,0,0.00%,0,"$5,000K",DNP,0,CIN,635.0,F. Amaya-CIN,F. Amaya-CIN
223234,I. Angking,New England Revolution,MID,5,0,0.02%,0,"$5,000K",DNP,0,NE,474.0,I. Angking-NE,I. Angking-NE
176416,H. Arellano,LA Galaxy,DEF,4.5,0,0.01%,0,"$4,500K",DNP,0,LA,432.0,H. Arellano-LA,H. Arellano-LA
474179,A. Asiedu,Atlanta United FC,MID,4,0,0.00%,0,"$4,000K",DNP,0,ATL,499.0,A. Asiedu-ATL,A. Asiedu-ATL
226311,J. Bakero,Toronto FC,MID,5,0,0.01%,0,"$5,000K",DNP,0,TOR,459.0,J. Bakero-TOR,J. Bakero-TOR
244407,M. Baldisimo,Vancouver Whitecaps FC,MID,4,0,1.23%,0,"$4,000K",DNP,0,VAN,441.0,M. Baldisimo-VAN,M. Baldisimo-VAN
234311,L. Barraza,New York City FC,GK,4,0,0.87%,0,"$4,000K",DNP,0,NYC,705.0,L. Barraza-NYC,L. Barraza-NYC
247451,L. Batista,Los Angeles Football Club,DEF,4,0,0.29%,0,"$4,000K",DNP,0,LAFC,444.0,L. Batista-LAFC,L. Batista-LAFC
443433,J. Beaulieu,Montreal Impact,GK,4,0,0.49%,0,"$4,000K",DNP,0,MTL,718.0,J. Beaulieu-MTL,J. Beaulieu-MTL
426771,G. Bello,Atlanta United FC,DEF,4.5,0,0.12%,0,"$4,500K",DNP,0,ATL,506.0,G. Bello-ATL,G. Bello-ATL
50136,T. Beltran,Real Salt Lake,DEF,4.5,0,0.01%,0,"$4,500K",DNP,0,RSL,480.0,T. Beltran-RSL,T. Beltran-RSL
173614,M. Bersano,San Jose Earthquakes,GK,4,0,0.38%,0,"$4,000K",DNP,0,SJ,709.0,M. Bersano-SJ,M. Bersano-SJ
126206,E. Bird,Houston Dynamo,MID,4.5,0,0.02%,0,"$4,500K",DNP,0,HOU,493.0,E. Bird-HOU,E. Bird-HOU
248938,Z. Brault-Guillard,Montreal Impact,DEF,4.5,0,0.00%,0,"$4,500K",DNP,0,MTL,403.0,Z. Brault-Guillard-MTL,Z. Brault-Guillard-MTL
475715,A. Bustamante,D.C. United,MID,4.5,0,0.05%,0,"$4,500K",DNP,0,DC,501.0,A. Bustamante-DC,A. Bustamante-DC
209818,J. Caldwell,New York City FC,GK,4,0,0.94%,0,"$4,000K",DNP,0,NYC,700.0,J. Caldwell-NYC,J. Caldwell-NYC
426797,G. Campbell,Atlanta United FC,DEF,4,0,0.13%,0,"$4,000K",DNP,0,ATL,,G. Campbell-ATL,
245017,S. Cleveland,Chicago Fire,GK,4.5,0,0.05%,0,"$4,500K",DNP,0,CHI,722.0,S. Cleveland-CHI,S. Cleveland-CHI
423237,E. Collier,Chicago Fire,MID,4.5,0,0.01%,0,"$4,500K",DNP,0,CHI,448.0,E. Collier-CHI,E. Collier-CHI
197011,C. Colman,FC Dallas,FWD,5,0,0.06%,0,"$5,000K",DNP,0,DAL,424.0,C. Colman-DAL,C. Colman-DAL
437690,S. Colyn,Vancouver Whitecaps FC,MID,4.5,0,0.00%,0,"$4,500K",DNP,0,VAN,519.0,S. Colyn-VAN,S. Colyn-VAN
437693,S. Colyn,Vancouver Whitecaps FC,MID,4.5,0,0.03%,0,"$4,500K",DNP,0,VAN,519.0,S. Colyn-VAN,S. Colyn-VAN
467478,C. Cowell,San Jose Earthquakes,FWD,4,0,0.51%,0,"$4,000K",DNP,0,SJ,503.0,C. Cowell-SJ,C. Cowell-SJ
176403,P. Da Silva,Orlando City SC,MID,5,0,0.01%,0,"$5,000K",DNP,0,ORL,,P. Da Silva-ORL,
244377,A. Daniels,Toronto FC,MID,4,0,0.55%,0,"$4,000K",DNP,0,TOR,440.0,A. Daniels-TOR,A. Daniels-TOR
40275,G. dos Santos,LA Galaxy,MID,8.5,0,0.00%,0,"$8,500K",DNP,0,LA,,G. dos Santos-LA,
224651,C. Duke,Sporting Kansas City,MID,4,0,0.18%,0,"$4,000K",DNP,0,SKC,463.0,C. Duke-SKC,C. Duke-SKC
421818,J. Dunn,Toronto FC,DEF,4,0,0.37%,0,"$4,000K",DNP,0,TOR,450.0,J. Dunn-TOR,J. Dunn-TOR
130049,E. Edwards Jr.,D.C. United,GK,4,0,0.45%,0,"$4,000K",DNP,0,DC,,E. Edwards Jr.-DC,
447557,P. Ejimadu,Los Angeles Football Club,GK,4,0,0.29%,0,"$4,000K",DNP,0,LAFC,719.0,P. Ejimadu-LAFC,P. Ejimadu-LAFC
227656,L. Fernando,Atlanta United FC,MID,5,0,0.00%,0,"$5,000K",DNP,0,ATL,466.0,L. Fernando-ATL,L. Fernando-ATL
224546,N. Firmino,New England Revolution,MID,4,0,0.97%,0,"$4,000K",DNP,0,NE,462.0,N. Firmino-NE,N. Firmino-NE
202378,O. Fisher,D.C. United,DEF,5,0,0.05%,0,"$5,000K",DNP,0,DC,422.0,O. Fisher-DC,O. Fisher-DC
234251,K. Ford,Colorado Rapids,DEF,4.5,0,0.01%,0,"$4,500K",DNP,0,COL,436.0,K. Ford-COL,K. Ford-COL
439940,T. Freeman,Sporting Kansas City,FWD,4,0,0.57%,0,"$4,000K",DNP,0,SKC,520.0,T. Freeman-SKC,T. Freeman-SKC
234618,J. Gallagher,Atlanta United FC,DEF,4.5,0,0.03%,0,"$4,500K",DNP,0,ATL,438.0,J. Gallagher-ATL,J. Gallagher-ATL
41921,S. Gashi,Colorado Rapids,FWD,5,0,0.00%,0,"$5,000K",DNP,0,COL,,S. Gashi-COL,
226306,L. Gdula,FC Cincinnati,DEF,4.5,0,0.04%,0,"$4,500K",DNP,0,CIN,457.0,L. Gdula-CIN,L. Gdula-CIN
220147,C. Goslin,Atlanta United FC,MID,4.5,0,0.04%,0,"$4,500K",DNP,0,ATL,471.0,C. Goslin-ATL,C. Goslin-ATL
210841,A. Grinwis,Orlando City SC,GK,4.5,0,0.03%,0,"$4,500K",DNP,0,ORL,701.0,A. Grinwis-ORL,A. Grinwis-ORL
149779,A. Guido,Los Angeles Football Club,MID,5,0,0.03%,0,"$5,000K",DNP,0,LAFC,494.0,A. Guido-LAFC,A. Guido-LAFC
234669,J. Hague,FC Cincinnati,GK,4,0,0.48%,0,"$4,000K",DNP,0,CIN,721.0,J. Hague-CIN,J. Hague-CIN
248397,T. Hasal,Vancouver Whitecaps FC,GK,4,0,0.22%,0,"$4,000K",DNP,0,VAN,723.0,T. Hasal-VAN,T. Hasal-VAN
103903,A. Henley,Real Salt Lake,DEF,4.5,0,0.00%,0,"$4,500K",DNP,0,RSL,485.0,A. Henley-RSL,A. Henley-RSL
209256,Z. Herivaux,New England Revolution,MID,5,0,0.02%,0,"$5,000K",DNP,0,NE,416.0,Z. Herivaux-NE,Z. Herivaux-NE
173423,J. Hernandez,Atlanta United FC,DEF,4.5,0,0.02%,0,"$4,500K",DNP,0,ATL,433.0,J. Hernandez-ATL,J. Hernandez-ATL
95279,M. Hernandez,FC Dallas,DEF,4.5,0,0.03%,0,"$4,500K",DNP,0,DAL,488.0,M. Hernandez-DAL,M. Hernandez-DAL
197421,T. Hilliard-Arce,LA Galaxy,DEF,4.5,0,0.01%,0,"$4,500K",DNP,0,LA,425.0,T. Hilliard-Arce-LA,T. Hilliard-Arce-LA
88460,A. Horwath,Real Salt Lake,GK,4,0,3.23%,0,"$4,000K",DNP,0,RSL,695.0,A. Horwath-RSL,A. Horwath-RSL
250677,M. Hundley,Colorado Rapids,FWD,4,0,0.64%,0,"$4,000K",DNP,0,COL,455.0,M. Hundley-COL,M. Hundley-COL
151534,A. Ivacic,Portland Timbers,GK,4.5,0,0.04%,0,"$4,500K",DNP,0,POR,715.0,A. Ivacic-POR,A. Ivacic-POR
177978,B. Jamieson IV,LA Galaxy,MID,5,0,0.04%,0,"$5,000K",DNP,0,LA,,B. Jamieson IV-LA,
423492,S. Junqua,Houston Dynamo,DEF,4,0,0.25%,0,"$4,000K",DNP,0,HOU,449.0,S. Junqua-HOU,S. Junqua-HOU
156919,A. Kann,Atlanta United FC,GK,4.5,0,0.09%,0,"$4,500K",DNP,0,ATL,712.0,A. Kann-ATL,A. Kann-ATL
226376,J. Koffi,New York Red Bulls,MID,5,0,0.03%,0,"$5,000K",DNP,0,NY,460.0,J. Koffi-NY,J. Koffi-RBNY
249242,L. Kunga,Atlanta United FC,MID,4.5,0,0.02%,0,"$4,500K",DNP,0,ATL,453.0,L. Kunga-ATL,L. Kunga-ATL
244768,C. Lindley,Orlando City SC,MID,5,0,0.01%,0,"$5,000K",DNP,0,ORL,442.0,C. Lindley-ORL,C. Lindley-ORL
234377,E. Louro,New York Red Bulls,GK,4,0,0.29%,0,"$4,000K",DNP,0,NY,706.0,E. Louro-NY,E. Louro-RBNY
442446,B. Lundgaard,Columbus Crew SC,GK,4,0,0.36%,0,"$4,000K",DNP,0,CLB,716.0,B. Lundgaard-CLB,B. Lundgaard-CLB
128117,B. Lundt,FC Cincinnati,GK,4,0,0.52%,0,"$4,000K",DNP,0,CIN,713.0,B. Lundt-CIN,B. Lundt-CIN
442461,C. Manley,Minnesota United FC,DEF,4,1,0.35%,0,"$4,000K",DNP,0,MIN,522.0,C. Manley-MIN,C. Manley-MIN
226384,J. Marcinkowski,San Jose Earthquakes,GK,4,0,0.38%,0,"$4,000K",DNP,0,SJ,704.0,J. Marcinkowski-SJ,J. Marcinkowski-SJ
220458,J. McCrary,Seattle Sounders FC,DEF,4.5,0,0.00%,0,"$4,500K",DNP,0,SEA,,J. McCrary-SEA,
427839,E. McCue,Houston Dynamo,DEF,4,0,0.35%,0,"$4,000K",DNP,0,HOU,,E. McCue-HOU,
164479,K. McIntosh,Portland Timbers,GK,4,0,0.32%,0,"$4,000K",DNP,0,POR,,K. McIntosh-POR,
102553,J. McLaughlin,FC Cincinnati,MID,5,0,0.03%,0,"$5,000K",DNP,0,CIN,,J. McLaughlin-CIN,
225054,T. Meilleur-Giguere,Montreal Impact,DEF,4,0,0.34%,0,"$4,000K",DNP,0,MTL,464.0,T. Meilleur-Giguere-MTL,T. Meilleur-Giguere-MTL
112544,S. Melvin,Vancouver Whitecaps FC,GK,4,0,0.57%,0,"$4,000K",DNP,0,VAN,692.0,S. Melvin-VAN,S. Melvin-VAN
107672,B. Meredith,Seattle Sounders FC,GK,4.5,0,0.05%,0,"$4,500K",DNP,0,SEA,693.0,B. Meredith-SEA,B. Meredith-SEA
204261,B. Mines,New York Red Bulls,MID,4.5,0,0.14%,0,"$4,500K",DNP,0,NY,420.0,B. Mines-NY,B. Mines-RBNY
234177,A. Mohamed,New York City FC,DEF,4,0,0.89%,0,"$4,000K",DNP,0,NYC,,A. Mohamed-NYC,
474180,C. Montgomery,FC Dallas,DEF,4.5,0,0.03%,0,"$4,500K",DNP,0,DAL,500.0,C. Montgomery-DAL,C. Montgomery-DAL
205550,B. Moore,Atlanta United FC,GK,4,0,0.28%,0,"$4,000K",DNP,0,ATL,699.0,B. Moore-ATL,B. Moore-ATL
224642,T. Muse,Seattle Sounders FC,GK,4,0,0.45%,0,"$4,000K",DNP,0,SEA,702.0,T. Muse-SEA,T. Muse-SEA
247041,H. Ndam,FC Cincinnati,DEF,4.5,0,0.01%,0,"$4,500K",DNP,0,CIN,443.0,H. Ndam-CIN,H. Ndam-CIN
442466,M. Nelson,Houston Dynamo,GK,4,0,0.30%,0,"$4,000K",DNP,0,HOU,717.0,M. Nelson-HOU,M. Nelson-HOU
247683,D. Norman Jr.,Vancouver Whitecaps FC,MID,4.5,0,0.02%,0,"$4,500K",DNP,0,VAN,,D. Norman Jr.-VAN,
250679,D. Ochoa,Real Salt Lake,GK,4,0,0.46%,0,"$4,000K",DNP,0,RSL,724.0,D. Ochoa-RSL,D. Ochoa-RSL
163523,J. Ockford,San Jose Earthquakes,DEF,4.5,0,0.02%,0,"$4,500K",DNP,0,SJ,427.0,J. Ockford-SJ,J. Ockford-SJ
421819,N. Okello,Toronto FC,MID,4,0,0.36%,0,"$4,000K",DNP,0,TOR,451.0,N. Okello-TOR,N. Okello-TOR
422516,P. Okonkwo,Atlanta United FC,FWD,4,0,0.59%,0,"$4,000K",DNP,0,ATL,452.0,P. Okonkwo-ATL,P. Okonkwo-ATL
442451,W. Omsberg,Minnesota United FC,DEF,4,0,0.39%,0,"$4,000K",DNP,0,MIN,521.0,W. Omsberg-MIN,W. Omsberg-MIN
443538,E. Opoku,Columbus Crew SC,MID,4.5,0,0.06%,0,"$4,500K",DNP,0,CLB,507.0,E. Opoku-CLB,E. Opoku-CLB
225053,J. Pantemis,Montreal Impact,GK,4,0,0.27%,0,"$4,000K",DNP,0,MTL,703.0,J. Pantemis-MTL,J. Pantemis-MTL
50051,C. Patterson-Sewell,Toronto FC,GK,4.5,0,0.07%,0,"$4,500K",DNP,0,TOR,690.0,C. Patterson-Sewell-TOR,C. Patterson-Sewell-TOR
186679,J. Qwiberg,San Jose Earthquakes,DEF,4.5,0,0.00%,0,"$4,500K",DNP,0,SJ,,J. Qwiberg-SJ,
226305,S. Raben,Colorado Rapids,DEF,4.5,0,0.02%,0,"$4,500K",DNP,0,COL,456.0,S. Raben-COL,S. Raben-COL
224029,A. Rawls,Colorado Rapids,GK,4,0,0.40%,0,"$4,000K",DNP,0,COL,698.0,A. Rawls-COL,A. Rawls-COL
426473,A. Reynolds II,Chicago Fire,DEF,4,0,0.62%,0,"$4,000K",DNP,0,CHI,,A. Reynolds II-CHI,
218539,P. Ruiz,Real Salt Lake,MID,5,0,0.04%,0,"$5,000K",DNP,0,RSL,469.0,P. Ruiz-RSL,P. Ruiz-RSL
95298,R. Sanchez,Chicago Fire,GK,4,0,0.92%,0,"$4,000K",DNP,0,CHI,694.0,R. Sanchez-CHI,R. Sanchez-CHI
427426,J. Scally,New York City FC,DEF,4,0,0.33%,0,"$4,000K",DNP,0,NYC,515.0,J. Scally-NYC,J. Scally-NYC
437110,D. Sealy,FC Dallas,MID,4,0,1.44%,0,"$4,000K",DNP,0,DAL,,D. Sealy-DAL,
77521,B. Shuttleworth,Minnesota United FC,GK,4.5,0,0.10%,0,"$4,500K",DNP,0,MIN,691.0,B. Shuttleworth-MIN,B. Shuttleworth-MIN
471798,G. Slonina,Chicago Fire,GK,4,0,0.71%,0,"$4,000K",DNP,0,CHI,720.0,G. Slonina-CHI,G. Slonina-CHI
151937,B. Smith,FC Cincinnati,DEF,4.5,0,0.00%,0,"$4,500K",DNP,0,CIN,429.0,B. Smith-CIN,B. Smith-CIN
114236,G. Somi,New England Revolution,DEF,4.5,0,0.00%,0,"$4,500K",DNP,0,NE,490.0,G. Somi-NE,G. Somi-NE
234433,D. St. Clair,Minnesota United FC,GK,4,0,0.42%,0,"$4,000K",DNP,0,MIN,,D. St. Clair-MIN,
219510,M. Stajduhar,Orlando City SC,GK,4,0,0.44%,0,"$4,000K",DNP,0,ORL,696.0,M. Stajduhar-ORL,M. Stajduhar-ORL
221400,A. Tarbell,San Jose Earthquakes,GK,4.5,0,0.02%,0,"$4,500K",DNP,0,SJ,697.0,A. Tarbell-SJ,A. Tarbell-SJ
222820,M. Valenzuela,Columbus Crew SC,DEF,5.5,0,0.02%,0,"$5,500K",DNP,0,CLB,640.0,M. Valenzuela-CLB,M. Valenzuela-CLB
40798,G. van der Wiel,Toronto FC,DEF,4.5,0,0.00%,0,"$4,500K",DNP,0,TOR,,G. van der Wiel-TOR,
201053,J. Vargas,Montreal Impact,FWD,7,0,0.04%,0,"$7,000K",DNP,0,MTL,,J. Vargas-MTL,
427221,J. Vazquez,Real Salt Lake,FWD,4,0,1.00%,0,"$4,000K",DNP,0,RSL,512.0,J. Vazquez-RSL,J. Vazquez-RSL
234585,J. Vom Steeg,LA Galaxy,GK,4,0,0.39%,0,"$4,000K",DNP,0,LA,,J. Vom Steeg-LA,
249958,Kuzain,Sporting Kansas City,MID,4.5,0,0.02%,0,"$4,500K",DNP,0,SKC,,Kuzain-SKC,
151951,E. Welshman,FC Cincinnati,FWD,4.5,0,0.02%,0,"$4,500K",DNP,0,CIN,430.0,E. Welshman-CIN,E. Welshman-CIN
226917,G. Wild,D.C. United,MID,4.5,0,0.04%,0,"$4,500K",DNP,0,DC,458.0,G. Wild-DC,G. Wild-DC
474156,J. Williams,Columbus Crew SC,FWD,4.5,0,0.00%,0,"$4,500K",DNP,0,CLB,614.0,J. Williams-CLB,J. Williams-CLB
427386,K. Yao,Montreal Impact,DEF,4,0,0.49%,0,"$4,000K",DNP,0,MTL,513.0,K. Yao-MTL,K. Yao-MTL
152268,K. Zobeck,FC Dallas,GK,4,0,0.95%,0,"$4,000K",DNP,0,DAL,711.0,K. Zobeck-DAL,K. Zobeck-DAL
220205,J. Lindsey,Sporting Kansas City,DEF,4,1,0.05%,-1,"$-4,000K",-1,-1,SKC,470.0,J. Lindsey-SKC,J. Lindsey-SKC
